2025-08-11 10:15:25,475 - logger.py:50 - Namespace(amp=False, batch_size=128, clip_grad=None, compute_stats=False, cooldown_epochs=10, data_path='datasets/qm9', decay_epochs=30, decay_rate=0.1, dist_backend='nccl', dist_url='env://', distributed=True, drop_path=0.0, epochs=300, feature_type='one_hot', input_irreps='5x0e', local_rank=0, loss='l1', lr=0.0005, lr_noise=None, lr_noise_pct=0.67, lr_noise_std=1.0, min_lr=1e-06, model_ema=False, model_ema_decay=0.9999, model_ema_force_cpu=False, model_name='graph_attention_transformer_nonlinear_l2', momentum=0.9, num_basis=128, opt='adamw', opt_betas=None, opt_eps=1e-08, output_channels=1, output_dir='models/qm9/equiformer/se_l2/target@1/', patience_epochs=10, pin_mem=True, print_freq=100, radius=5.0, rank=0, sched='cosine', seed=0, standardize=True, target=1, warmup_epochs=5, warmup_lr=1e-06, weight_decay=0.005, workers=4, world_size=1)
2025-08-11 10:19:30,698 - logger.py:50 - Training set mean: 75.28121185302734, std:8.177621841430664
2025-08-11 10:19:37,841 - logger.py:50 - GraphAttentionTransformer(
  (atom_embed): NodeEmbeddingNetwork(
    (atom_type_lin): LinearRS(
      (tp): TensorProduct(5x0e x 1x0e -> 128x0e+64x1e+32x2e | 640 paths | 640 weights)
      (bias): ParameterList(  (0): Parameter containing: [torch.FloatTensor of size 128])
    )
  )
  (rbf): GaussianRadialBasisLayer(mean_init_max=1.0, mean_init_min=0, std_init_max=1.0, std_init_min=0.0078125)
  (edge_deg_embed): EdgeDegreeEmbeddingNetwork(
    (exp): LinearRS(
      (tp): TensorProduct(1x0e x 1x0e -> 128x0e+64x1e+32x2e | 128 paths | 128 weights)
      (bias): ParameterList(  (0): Parameter containing: [torch.FloatTensor of size 128])
    )
    (dw): TensorProductRescale(
      (tp): TensorProduct(128x0e+64x1e+32x2e x 1x0e+1x1e+1x2e -> 224x0e+384x1e+352x2e | 960 paths | 960 weights)
      (bias): ParameterList()
    )
    (rad): RadialProfile(
      (net): Sequential(
        (0): Linear(in_features=128, out_features=64, bias=True)
        (1): LayerNorm((64,), eps=1e-05, elementwise_affine=True)
        (2): SiLU()
        (3): Linear(in_features=64, out_features=64, bias=True)
        (4): LayerNorm((64,), eps=1e-05, elementwise_affine=True)
        (5): SiLU()
        (6): Linear(in_features=64, out_features=960, bias=False)
      )
    )
    (proj): LinearRS(
      (tp): TensorProduct(224x0e+384x1e+352x2e x 1x0e -> 128x0e+64x1e+32x2e | 64512 paths | 64512 weights)
      (bias): ParameterList(  (0): Parameter containing: [torch.FloatTensor of size 128])
    )
    (scale_scatter): ScaledScatter(avg_aggregate_num=15.57930850982666)
  )
  (blocks): ModuleList(
    (0): TransBlock(
      (norm_1): EquivariantLayerNormV2(128x0e+64x1e+32x2e, eps=1e-05)
      (ga): GraphAttention(
        rescale_degree=False, 
        (merge_src): LinearRS(
          (tp): TensorProduct(128x0e+64x1e+32x2e x 1x0e -> 128x0e+64x1e+32x2e | 21504 paths | 21504 weights)
          (bias): ParameterList(  (0): Parameter containing: [torch.FloatTensor of size 128])
        )
        (merge_dst): LinearRS(
          (tp): TensorProduct(128x0e+64x1e+32x2e x 1x0e -> 128x0e+64x1e+32x2e | 21504 paths | 21504 weights)
          (bias): ParameterList()
        )
        (sep_act): SeparableFCTP(
          (dtp): TensorProductRescale(
            (tp): TensorProduct(128x0e+64x1e+32x2e x 1x0e+1x1e+1x2e -> 224x0e+384x1e+352x2e | 960 paths | 960 weights)
            (bias): ParameterList()
          )
          (dtp_rad): RadialProfile(
            (net): Sequential(
              (0): Linear(in_features=128, out_features=64, bias=True)
              (1): LayerNorm((64,), eps=1e-05, elementwise_affine=True)
              (2): SiLU()
              (3): Linear(in_features=64, out_features=64, bias=True)
              (4): LayerNorm((64,), eps=1e-05, elementwise_affine=True)
              (5): SiLU()
              (6): Linear(in_features=64, out_features=960, bias=False)
            )
          )
          (lin): LinearRS(
            (tp): TensorProduct(224x0e+384x1e+352x2e x 1x0e -> 224x0e+64x1e+32x2e | 86016 paths | 86016 weights)
            (bias): ParameterList(  (0): Parameter containing: [torch.FloatTensor of size 224])
          )
          (gate): Gate (224x0e+64x1e+32x2e -> 128x0e+64x1e+32x2e)
        )
        (sep_alpha): LinearRS(
          (tp): TensorProduct(224x0e+384x1e+352x2e x 1x0e -> 128x0e | 28672 paths | 28672 weights)
          (bias): ParameterList(  (0): Parameter containing: [torch.FloatTensor of size 128])
        )
        (sep_value): SeparableFCTP(
          (dtp): TensorProductRescale(
            (tp): TensorProduct(128x0e+64x1e+32x2e x 1x0e+1x1e+1x2e -> 224x0e+384x1e+352x2e | 960 paths | 960 weights)
            (bias): ParameterList()
          )
          (lin): LinearRS(
            (tp): TensorProduct(224x0e+384x1e+352x2e x 1x0e -> 128x0e+64x1e+32x2e | 64512 paths | 64512 weights)
            (bias): ParameterList(  (0): Parameter containing: [torch.FloatTensor of size 128])
          )
        )
        (vec2heads_alpha): Vec2AttnHeads(irreps_head=32x0e, num_heads=4)
        (vec2heads_value): Vec2AttnHeads(irreps_head=32x0e+16x1e+8x2e, num_heads=4)
        (alpha_act): Activation(
          32x0e -> 32x0e, 
          (acts): ModuleList(
            (0): normalize2mom(
              (f): SmoothLeakyReLU(negative_slope=0.2)
            )
          )
        )
        (heads2vec): AttnHeads2Vec(irreps_head=32x0e+16x1e+8x2e)
        (alpha_dropout): Dropout(p=0.2, inplace=False)
        (proj): LinearRS(
          (tp): TensorProduct(128x0e+64x1e+32x2e x 1x0e -> 128x0e+64x1e+32x2e | 21504 paths | 21504 weights)
          (bias): ParameterList(  (0): Parameter containing: [torch.FloatTensor of size 128])
        )
      )
      (norm_2): EquivariantLayerNormV2(128x0e+64x1e+32x2e, eps=1e-05)
      (ffn): FeedForwardNetwork(
        (fctp_1): FullyConnectedTensorProductRescaleSwishGate(
          (tp): TensorProduct(128x0e+64x1e+32x2e x 1x0e -> 672x0e+192x1e+96x2e | 101376 paths | 101376 weights)
          (bias): ParameterList(  (0): Parameter containing: [torch.FloatTensor of size 672])
          (gate): Gate (672x0e+192x1e+96x2e -> 384x0e+192x1e+96x2e)
        )
        (fctp_2): FullyConnectedTensorProductRescale(
          (tp): TensorProduct(384x0e+192x1e+96x2e x 1x0e -> 128x0e+64x1e+32x2e | 64512 paths | 64512 weights)
          (bias): ParameterList(  (0): Parameter containing: [torch.FloatTensor of size 128])
        )
      )
    )
    (1): TransBlock(
      (norm_1): EquivariantLayerNormV2(128x0e+64x1e+32x2e, eps=1e-05)
      (ga): GraphAttention(
        rescale_degree=False, 
        (merge_src): LinearRS(
          (tp): TensorProduct(128x0e+64x1e+32x2e x 1x0e -> 128x0e+64x1e+32x2e | 21504 paths | 21504 weights)
          (bias): ParameterList(  (0): Parameter containing: [torch.FloatTensor of size 128])
        )
        (merge_dst): LinearRS(
          (tp): TensorProduct(128x0e+64x1e+32x2e x 1x0e -> 128x0e+64x1e+32x2e | 21504 paths | 21504 weights)
          (bias): ParameterList()
        )
        (sep_act): SeparableFCTP(
          (dtp): TensorProductRescale(
            (tp): TensorProduct(128x0e+64x1e+32x2e x 1x0e+1x1e+1x2e -> 224x0e+384x1e+352x2e | 960 paths | 960 weights)
            (bias): ParameterList()
          )
          (dtp_rad): RadialProfile(
            (net): Sequential(
              (0): Linear(in_features=128, out_features=64, bias=True)
              (1): LayerNorm((64,), eps=1e-05, elementwise_affine=True)
              (2): SiLU()
              (3): Linear(in_features=64, out_features=64, bias=True)
              (4): LayerNorm((64,), eps=1e-05, elementwise_affine=True)
              (5): SiLU()
              (6): Linear(in_features=64, out_features=960, bias=False)
            )
          )
          (lin): LinearRS(
            (tp): TensorProduct(224x0e+384x1e+352x2e x 1x0e -> 224x0e+64x1e+32x2e | 86016 paths | 86016 weights)
            (bias): ParameterList(  (0): Parameter containing: [torch.FloatTensor of size 224])
          )
          (gate): Gate (224x0e+64x1e+32x2e -> 128x0e+64x1e+32x2e)
        )
        (sep_alpha): LinearRS(
          (tp): TensorProduct(224x0e+384x1e+352x2e x 1x0e -> 128x0e | 28672 paths | 28672 weights)
          (bias): ParameterList(  (0): Parameter containing: [torch.FloatTensor of size 128])
        )
        (sep_value): SeparableFCTP(
          (dtp): TensorProductRescale(
            (tp): TensorProduct(128x0e+64x1e+32x2e x 1x0e+1x1e+1x2e -> 224x0e+384x1e+352x2e | 960 paths | 960 weights)
            (bias): ParameterList()
          )
          (lin): LinearRS(
            (tp): TensorProduct(224x0e+384x1e+352x2e x 1x0e -> 128x0e+64x1e+32x2e | 64512 paths | 64512 weights)
            (bias): ParameterList(  (0): Parameter containing: [torch.FloatTensor of size 128])
          )
        )
        (vec2heads_alpha): Vec2AttnHeads(irreps_head=32x0e, num_heads=4)
        (vec2heads_value): Vec2AttnHeads(irreps_head=32x0e+16x1e+8x2e, num_heads=4)
        (alpha_act): Activation(
          32x0e -> 32x0e, 
          (acts): ModuleList(
            (0): normalize2mom(
              (f): SmoothLeakyReLU(negative_slope=0.2)
            )
          )
        )
        (heads2vec): AttnHeads2Vec(irreps_head=32x0e+16x1e+8x2e)
        (alpha_dropout): Dropout(p=0.2, inplace=False)
        (proj): LinearRS(
          (tp): TensorProduct(128x0e+64x1e+32x2e x 1x0e -> 128x0e+64x1e+32x2e | 21504 paths | 21504 weights)
          (bias): ParameterList(  (0): Parameter containing: [torch.FloatTensor of size 128])
        )
      )
      (norm_2): EquivariantLayerNormV2(128x0e+64x1e+32x2e, eps=1e-05)
      (ffn): FeedForwardNetwork(
        (fctp_1): FullyConnectedTensorProductRescaleSwishGate(
          (tp): TensorProduct(128x0e+64x1e+32x2e x 1x0e -> 672x0e+192x1e+96x2e | 101376 paths | 101376 weights)
          (bias): ParameterList(  (0): Parameter containing: [torch.FloatTensor of size 672])
          (gate): Gate (672x0e+192x1e+96x2e -> 384x0e+192x1e+96x2e)
        )
        (fctp_2): FullyConnectedTensorProductRescale(
          (tp): TensorProduct(384x0e+192x1e+96x2e x 1x0e -> 128x0e+64x1e+32x2e | 64512 paths | 64512 weights)
          (bias): ParameterList(  (0): Parameter containing: [torch.FloatTensor of size 128])
        )
      )
    )
    (2): TransBlock(
      (norm_1): EquivariantLayerNormV2(128x0e+64x1e+32x2e, eps=1e-05)
      (ga): GraphAttention(
        rescale_degree=False, 
        (merge_src): LinearRS(
          (tp): TensorProduct(128x0e+64x1e+32x2e x 1x0e -> 128x0e+64x1e+32x2e | 21504 paths | 21504 weights)
          (bias): ParameterList(  (0): Parameter containing: [torch.FloatTensor of size 128])
        )
        (merge_dst): LinearRS(
          (tp): TensorProduct(128x0e+64x1e+32x2e x 1x0e -> 128x0e+64x1e+32x2e | 21504 paths | 21504 weights)
          (bias): ParameterList()
        )
        (sep_act): SeparableFCTP(
          (dtp): TensorProductRescale(
            (tp): TensorProduct(128x0e+64x1e+32x2e x 1x0e+1x1e+1x2e -> 224x0e+384x1e+352x2e | 960 paths | 960 weights)
            (bias): ParameterList()
          )
          (dtp_rad): RadialProfile(
            (net): Sequential(
              (0): Linear(in_features=128, out_features=64, bias=True)
              (1): LayerNorm((64,), eps=1e-05, elementwise_affine=True)
              (2): SiLU()
              (3): Linear(in_features=64, out_features=64, bias=True)
              (4): LayerNorm((64,), eps=1e-05, elementwise_affine=True)
              (5): SiLU()
              (6): Linear(in_features=64, out_features=960, bias=False)
            )
          )
          (lin): LinearRS(
            (tp): TensorProduct(224x0e+384x1e+352x2e x 1x0e -> 224x0e+64x1e+32x2e | 86016 paths | 86016 weights)
            (bias): ParameterList(  (0): Parameter containing: [torch.FloatTensor of size 224])
          )
          (gate): Gate (224x0e+64x1e+32x2e -> 128x0e+64x1e+32x2e)
        )
        (sep_alpha): LinearRS(
          (tp): TensorProduct(224x0e+384x1e+352x2e x 1x0e -> 128x0e | 28672 paths | 28672 weights)
          (bias): ParameterList(  (0): Parameter containing: [torch.FloatTensor of size 128])
        )
        (sep_value): SeparableFCTP(
          (dtp): TensorProductRescale(
            (tp): TensorProduct(128x0e+64x1e+32x2e x 1x0e+1x1e+1x2e -> 224x0e+384x1e+352x2e | 960 paths | 960 weights)
            (bias): ParameterList()
          )
          (lin): LinearRS(
            (tp): TensorProduct(224x0e+384x1e+352x2e x 1x0e -> 128x0e+64x1e+32x2e | 64512 paths | 64512 weights)
            (bias): ParameterList(  (0): Parameter containing: [torch.FloatTensor of size 128])
          )
        )
        (vec2heads_alpha): Vec2AttnHeads(irreps_head=32x0e, num_heads=4)
        (vec2heads_value): Vec2AttnHeads(irreps_head=32x0e+16x1e+8x2e, num_heads=4)
        (alpha_act): Activation(
          32x0e -> 32x0e, 
          (acts): ModuleList(
            (0): normalize2mom(
              (f): SmoothLeakyReLU(negative_slope=0.2)
            )
          )
        )
        (heads2vec): AttnHeads2Vec(irreps_head=32x0e+16x1e+8x2e)
        (alpha_dropout): Dropout(p=0.2, inplace=False)
        (proj): LinearRS(
          (tp): TensorProduct(128x0e+64x1e+32x2e x 1x0e -> 128x0e+64x1e+32x2e | 21504 paths | 21504 weights)
          (bias): ParameterList(  (0): Parameter containing: [torch.FloatTensor of size 128])
        )
      )
      (norm_2): EquivariantLayerNormV2(128x0e+64x1e+32x2e, eps=1e-05)
      (ffn): FeedForwardNetwork(
        (fctp_1): FullyConnectedTensorProductRescaleSwishGate(
          (tp): TensorProduct(128x0e+64x1e+32x2e x 1x0e -> 672x0e+192x1e+96x2e | 101376 paths | 101376 weights)
          (bias): ParameterList(  (0): Parameter containing: [torch.FloatTensor of size 672])
          (gate): Gate (672x0e+192x1e+96x2e -> 384x0e+192x1e+96x2e)
        )
        (fctp_2): FullyConnectedTensorProductRescale(
          (tp): TensorProduct(384x0e+192x1e+96x2e x 1x0e -> 128x0e+64x1e+32x2e | 64512 paths | 64512 weights)
          (bias): ParameterList(  (0): Parameter containing: [torch.FloatTensor of size 128])
        )
      )
    )
    (3): TransBlock(
      (norm_1): EquivariantLayerNormV2(128x0e+64x1e+32x2e, eps=1e-05)
      (ga): GraphAttention(
        rescale_degree=False, 
        (merge_src): LinearRS(
          (tp): TensorProduct(128x0e+64x1e+32x2e x 1x0e -> 128x0e+64x1e+32x2e | 21504 paths | 21504 weights)
          (bias): ParameterList(  (0): Parameter containing: [torch.FloatTensor of size 128])
        )
        (merge_dst): LinearRS(
          (tp): TensorProduct(128x0e+64x1e+32x2e x 1x0e -> 128x0e+64x1e+32x2e | 21504 paths | 21504 weights)
          (bias): ParameterList()
        )
        (sep_act): SeparableFCTP(
          (dtp): TensorProductRescale(
            (tp): TensorProduct(128x0e+64x1e+32x2e x 1x0e+1x1e+1x2e -> 224x0e+384x1e+352x2e | 960 paths | 960 weights)
            (bias): ParameterList()
          )
          (dtp_rad): RadialProfile(
            (net): Sequential(
              (0): Linear(in_features=128, out_features=64, bias=True)
              (1): LayerNorm((64,), eps=1e-05, elementwise_affine=True)
              (2): SiLU()
              (3): Linear(in_features=64, out_features=64, bias=True)
              (4): LayerNorm((64,), eps=1e-05, elementwise_affine=True)
              (5): SiLU()
              (6): Linear(in_features=64, out_features=960, bias=False)
            )
          )
          (lin): LinearRS(
            (tp): TensorProduct(224x0e+384x1e+352x2e x 1x0e -> 224x0e+64x1e+32x2e | 86016 paths | 86016 weights)
            (bias): ParameterList(  (0): Parameter containing: [torch.FloatTensor of size 224])
          )
          (gate): Gate (224x0e+64x1e+32x2e -> 128x0e+64x1e+32x2e)
        )
        (sep_alpha): LinearRS(
          (tp): TensorProduct(224x0e+384x1e+352x2e x 1x0e -> 128x0e | 28672 paths | 28672 weights)
          (bias): ParameterList(  (0): Parameter containing: [torch.FloatTensor of size 128])
        )
        (sep_value): SeparableFCTP(
          (dtp): TensorProductRescale(
            (tp): TensorProduct(128x0e+64x1e+32x2e x 1x0e+1x1e+1x2e -> 224x0e+384x1e+352x2e | 960 paths | 960 weights)
            (bias): ParameterList()
          )
          (lin): LinearRS(
            (tp): TensorProduct(224x0e+384x1e+352x2e x 1x0e -> 128x0e+64x1e+32x2e | 64512 paths | 64512 weights)
            (bias): ParameterList(  (0): Parameter containing: [torch.FloatTensor of size 128])
          )
        )
        (vec2heads_alpha): Vec2AttnHeads(irreps_head=32x0e, num_heads=4)
        (vec2heads_value): Vec2AttnHeads(irreps_head=32x0e+16x1e+8x2e, num_heads=4)
        (alpha_act): Activation(
          32x0e -> 32x0e, 
          (acts): ModuleList(
            (0): normalize2mom(
              (f): SmoothLeakyReLU(negative_slope=0.2)
            )
          )
        )
        (heads2vec): AttnHeads2Vec(irreps_head=32x0e+16x1e+8x2e)
        (alpha_dropout): Dropout(p=0.2, inplace=False)
        (proj): LinearRS(
          (tp): TensorProduct(128x0e+64x1e+32x2e x 1x0e -> 128x0e+64x1e+32x2e | 21504 paths | 21504 weights)
          (bias): ParameterList(  (0): Parameter containing: [torch.FloatTensor of size 128])
        )
      )
      (norm_2): EquivariantLayerNormV2(128x0e+64x1e+32x2e, eps=1e-05)
      (ffn): FeedForwardNetwork(
        (fctp_1): FullyConnectedTensorProductRescaleSwishGate(
          (tp): TensorProduct(128x0e+64x1e+32x2e x 1x0e -> 672x0e+192x1e+96x2e | 101376 paths | 101376 weights)
          (bias): ParameterList(  (0): Parameter containing: [torch.FloatTensor of size 672])
          (gate): Gate (672x0e+192x1e+96x2e -> 384x0e+192x1e+96x2e)
        )
        (fctp_2): FullyConnectedTensorProductRescale(
          (tp): TensorProduct(384x0e+192x1e+96x2e x 1x0e -> 128x0e+64x1e+32x2e | 64512 paths | 64512 weights)
          (bias): ParameterList(  (0): Parameter containing: [torch.FloatTensor of size 128])
        )
      )
    )
    (4): TransBlock(
      (norm_1): EquivariantLayerNormV2(128x0e+64x1e+32x2e, eps=1e-05)
      (ga): GraphAttention(
        rescale_degree=False, 
        (merge_src): LinearRS(
          (tp): TensorProduct(128x0e+64x1e+32x2e x 1x0e -> 128x0e+64x1e+32x2e | 21504 paths | 21504 weights)
          (bias): ParameterList(  (0): Parameter containing: [torch.FloatTensor of size 128])
        )
        (merge_dst): LinearRS(
          (tp): TensorProduct(128x0e+64x1e+32x2e x 1x0e -> 128x0e+64x1e+32x2e | 21504 paths | 21504 weights)
          (bias): ParameterList()
        )
        (sep_act): SeparableFCTP(
          (dtp): TensorProductRescale(
            (tp): TensorProduct(128x0e+64x1e+32x2e x 1x0e+1x1e+1x2e -> 224x0e+384x1e+352x2e | 960 paths | 960 weights)
            (bias): ParameterList()
          )
          (dtp_rad): RadialProfile(
            (net): Sequential(
              (0): Linear(in_features=128, out_features=64, bias=True)
              (1): LayerNorm((64,), eps=1e-05, elementwise_affine=True)
              (2): SiLU()
              (3): Linear(in_features=64, out_features=64, bias=True)
              (4): LayerNorm((64,), eps=1e-05, elementwise_affine=True)
              (5): SiLU()
              (6): Linear(in_features=64, out_features=960, bias=False)
            )
          )
          (lin): LinearRS(
            (tp): TensorProduct(224x0e+384x1e+352x2e x 1x0e -> 224x0e+64x1e+32x2e | 86016 paths | 86016 weights)
            (bias): ParameterList(  (0): Parameter containing: [torch.FloatTensor of size 224])
          )
          (gate): Gate (224x0e+64x1e+32x2e -> 128x0e+64x1e+32x2e)
        )
        (sep_alpha): LinearRS(
          (tp): TensorProduct(224x0e+384x1e+352x2e x 1x0e -> 128x0e | 28672 paths | 28672 weights)
          (bias): ParameterList(  (0): Parameter containing: [torch.FloatTensor of size 128])
        )
        (sep_value): SeparableFCTP(
          (dtp): TensorProductRescale(
            (tp): TensorProduct(128x0e+64x1e+32x2e x 1x0e+1x1e+1x2e -> 224x0e+384x1e+352x2e | 960 paths | 960 weights)
            (bias): ParameterList()
          )
          (lin): LinearRS(
            (tp): TensorProduct(224x0e+384x1e+352x2e x 1x0e -> 128x0e+64x1e+32x2e | 64512 paths | 64512 weights)
            (bias): ParameterList(  (0): Parameter containing: [torch.FloatTensor of size 128])
          )
        )
        (vec2heads_alpha): Vec2AttnHeads(irreps_head=32x0e, num_heads=4)
        (vec2heads_value): Vec2AttnHeads(irreps_head=32x0e+16x1e+8x2e, num_heads=4)
        (alpha_act): Activation(
          32x0e -> 32x0e, 
          (acts): ModuleList(
            (0): normalize2mom(
              (f): SmoothLeakyReLU(negative_slope=0.2)
            )
          )
        )
        (heads2vec): AttnHeads2Vec(irreps_head=32x0e+16x1e+8x2e)
        (alpha_dropout): Dropout(p=0.2, inplace=False)
        (proj): LinearRS(
          (tp): TensorProduct(128x0e+64x1e+32x2e x 1x0e -> 128x0e+64x1e+32x2e | 21504 paths | 21504 weights)
          (bias): ParameterList(  (0): Parameter containing: [torch.FloatTensor of size 128])
        )
      )
      (norm_2): EquivariantLayerNormV2(128x0e+64x1e+32x2e, eps=1e-05)
      (ffn): FeedForwardNetwork(
        (fctp_1): FullyConnectedTensorProductRescaleSwishGate(
          (tp): TensorProduct(128x0e+64x1e+32x2e x 1x0e -> 672x0e+192x1e+96x2e | 101376 paths | 101376 weights)
          (bias): ParameterList(  (0): Parameter containing: [torch.FloatTensor of size 672])
          (gate): Gate (672x0e+192x1e+96x2e -> 384x0e+192x1e+96x2e)
        )
        (fctp_2): FullyConnectedTensorProductRescale(
          (tp): TensorProduct(384x0e+192x1e+96x2e x 1x0e -> 128x0e+64x1e+32x2e | 64512 paths | 64512 weights)
          (bias): ParameterList(  (0): Parameter containing: [torch.FloatTensor of size 128])
        )
      )
    )
    (5): TransBlock(
      (norm_1): EquivariantLayerNormV2(128x0e+64x1e+32x2e, eps=1e-05)
      (ga): GraphAttention(
        rescale_degree=False, 
        (merge_src): LinearRS(
          (tp): TensorProduct(128x0e+64x1e+32x2e x 1x0e -> 128x0e+64x1e+32x2e | 21504 paths | 21504 weights)
          (bias): ParameterList(  (0): Parameter containing: [torch.FloatTensor of size 128])
        )
        (merge_dst): LinearRS(
          (tp): TensorProduct(128x0e+64x1e+32x2e x 1x0e -> 128x0e+64x1e+32x2e | 21504 paths | 21504 weights)
          (bias): ParameterList()
        )
        (sep_act): SeparableFCTP(
          (dtp): TensorProductRescale(
            (tp): TensorProduct(128x0e+64x1e+32x2e x 1x0e+1x1e+1x2e -> 224x0e+384x1e+352x2e | 960 paths | 960 weights)
            (bias): ParameterList()
          )
          (dtp_rad): RadialProfile(
            (net): Sequential(
              (0): Linear(in_features=128, out_features=64, bias=True)
              (1): LayerNorm((64,), eps=1e-05, elementwise_affine=True)
              (2): SiLU()
              (3): Linear(in_features=64, out_features=64, bias=True)
              (4): LayerNorm((64,), eps=1e-05, elementwise_affine=True)
              (5): SiLU()
              (6): Linear(in_features=64, out_features=960, bias=False)
            )
          )
          (lin): LinearRS(
            (tp): TensorProduct(224x0e+384x1e+352x2e x 1x0e -> 224x0e+64x1e+32x2e | 86016 paths | 86016 weights)
            (bias): ParameterList(  (0): Parameter containing: [torch.FloatTensor of size 224])
          )
          (gate): Gate (224x0e+64x1e+32x2e -> 128x0e+64x1e+32x2e)
        )
        (sep_alpha): LinearRS(
          (tp): TensorProduct(224x0e+384x1e+352x2e x 1x0e -> 128x0e | 28672 paths | 28672 weights)
          (bias): ParameterList(  (0): Parameter containing: [torch.FloatTensor of size 128])
        )
        (sep_value): SeparableFCTP(
          (dtp): TensorProductRescale(
            (tp): TensorProduct(128x0e+64x1e+32x2e x 1x0e+1x1e+1x2e -> 224x0e+384x1e+352x2e | 960 paths | 960 weights)
            (bias): ParameterList()
          )
          (lin): LinearRS(
            (tp): TensorProduct(224x0e+384x1e+352x2e x 1x0e -> 128x0e+64x1e+32x2e | 64512 paths | 64512 weights)
            (bias): ParameterList(  (0): Parameter containing: [torch.FloatTensor of size 128])
          )
        )
        (vec2heads_alpha): Vec2AttnHeads(irreps_head=32x0e, num_heads=4)
        (vec2heads_value): Vec2AttnHeads(irreps_head=32x0e+16x1e+8x2e, num_heads=4)
        (alpha_act): Activation(
          32x0e -> 32x0e, 
          (acts): ModuleList(
            (0): normalize2mom(
              (f): SmoothLeakyReLU(negative_slope=0.2)
            )
          )
        )
        (heads2vec): AttnHeads2Vec(irreps_head=32x0e+16x1e+8x2e)
        (alpha_dropout): Dropout(p=0.2, inplace=False)
        (proj): LinearRS(
          (tp): TensorProduct(128x0e+64x1e+32x2e x 1x0e -> 128x0e+64x1e+32x2e | 21504 paths | 21504 weights)
          (bias): ParameterList(  (0): Parameter containing: [torch.FloatTensor of size 128])
        )
      )
      (norm_2): EquivariantLayerNormV2(128x0e+64x1e+32x2e, eps=1e-05)
      (ffn): FeedForwardNetwork(
        (fctp_1): FullyConnectedTensorProductRescaleSwishGate(
          (tp): TensorProduct(128x0e+64x1e+32x2e x 1x0e -> 672x0e+192x1e+96x2e | 101376 paths | 101376 weights)
          (bias): ParameterList(  (0): Parameter containing: [torch.FloatTensor of size 672])
          (gate): Gate (672x0e+192x1e+96x2e -> 384x0e+192x1e+96x2e)
        )
        (fctp_2): FullyConnectedTensorProductRescale(
          (tp): TensorProduct(384x0e+192x1e+96x2e x 1x0e -> 512x0e | 196608 paths | 196608 weights)
          (bias): ParameterList(  (0): Parameter containing: [torch.FloatTensor of size 512])
        )
      )
      (ffn_shortcut): FullyConnectedTensorProductRescale(
        (tp): TensorProduct(128x0e+64x1e+32x2e x 1x0e -> 512x0e | 65536 paths | 65536 weights)
        (bias): ParameterList(  (0): Parameter containing: [torch.FloatTensor of size 512])
      )
    )
  )
  (norm): EquivariantLayerNormV2(512x0e, eps=1e-05)
  (head): Sequential(
    (0): LinearRS(
      (tp): TensorProduct(512x0e x 1x0e -> 512x0e | 262144 paths | 262144 weights)
      (bias): ParameterList(  (0): Parameter containing: [torch.FloatTensor of size 512])
    )
    (1): Activation(
      512x0e -> 512x0e, 
      (acts): ModuleList(
        (0): normalize2mom(
          (f): SiLU()
        )
      )
    )
    (2): LinearRS(
      (tp): TensorProduct(512x0e x 1x0e -> 1x0e | 512 paths | 512 weights)
      (bias): ParameterList(  (0): Parameter containing: [torch.FloatTensor of size 1])
    )
  )
  (scale_scatter): ScaledScatter(avg_aggregate_num=18.03065905448718)
)
2025-08-11 10:19:37,877 - logger.py:50 - Number of params: 3531715
2025-08-11 10:19:49,891 - logger.py:50 - Epoch: [0][0/859] 	 loss: 5.73249, MAE: 46.87813, time/step=12007ms, lr=1.00e-06
2025-08-11 10:20:54,586 - logger.py:50 - Epoch: [0][100/859] 	 loss: 2.03139, MAE: 16.61197, time/step=759ms, lr=1.00e-06
2025-08-11 10:21:38,861 - logger.py:50 - Epoch: [0][200/859] 	 loss: 1.38189, MAE: 11.30057, time/step=602ms, lr=1.00e-06
2025-08-11 10:22:23,170 - logger.py:50 - Epoch: [0][300/859] 	 loss: 1.08488, MAE: 8.87176, time/step=549ms, lr=1.00e-06
2025-08-11 10:23:07,553 - logger.py:50 - Epoch: [0][400/859] 	 loss: 0.91416, MAE: 7.47563, time/step=523ms, lr=1.00e-06
2025-08-11 10:23:51,876 - logger.py:50 - Epoch: [0][500/859] 	 loss: 0.80724, MAE: 6.60129, time/step=507ms, lr=1.00e-06
2025-08-11 10:24:36,091 - logger.py:50 - Epoch: [0][600/859] 	 loss: 0.73291, MAE: 5.99343, time/step=496ms, lr=1.00e-06
2025-08-11 10:25:20,324 - logger.py:50 - Epoch: [0][700/859] 	 loss: 0.67911, MAE: 5.55353, time/step=489ms, lr=1.00e-06
2025-08-11 10:26:04,667 - logger.py:50 - Epoch: [0][800/859] 	 loss: 0.63732, MAE: 5.21174, time/step=483ms, lr=1.00e-06
2025-08-11 10:26:30,344 - logger.py:50 - Epoch: [0][858/859] 	 loss: 0.61628, MAE: 5.03970, time/step=480ms, lr=1.00e-06
2025-08-11 10:27:06,746 - logger.py:50 - Epoch: [0] Target: [1] train MAE: 5.03970, val MAE: 2.63520, test MAE: 2.69553, Time: 448.86s
2025-08-11 10:27:06,746 - logger.py:50 - Best -- epoch=0, train MAE: 5.03970, val MAE: 2.63520, test MAE: 2.69553

2025-08-11 10:27:07,590 - logger.py:50 - Epoch: [1][0/859] 	 loss: 0.32169, MAE: 2.63066, time/step=842ms, lr=1.01e-04
2025-08-11 10:27:51,508 - logger.py:50 - Epoch: [1][100/859] 	 loss: 0.98284, MAE: 8.03733, time/step=443ms, lr=1.01e-04
2025-08-11 10:28:35,302 - logger.py:50 - Epoch: [1][200/859] 	 loss: 0.68349, MAE: 5.58933, time/step=441ms, lr=1.01e-04
2025-08-11 10:29:19,388 - logger.py:50 - Epoch: [1][300/859] 	 loss: 0.54462, MAE: 4.45371, time/step=441ms, lr=1.01e-04
2025-08-11 10:30:03,316 - logger.py:50 - Epoch: [1][400/859] 	 loss: 0.49261, MAE: 4.02835, time/step=440ms, lr=1.01e-04
2025-08-11 10:30:47,364 - logger.py:50 - Epoch: [1][500/859] 	 loss: 0.44102, MAE: 3.60652, time/step=440ms, lr=1.01e-04
2025-08-11 10:31:31,357 - logger.py:50 - Epoch: [1][600/859] 	 loss: 0.39961, MAE: 3.26783, time/step=440ms, lr=1.01e-04
2025-08-11 10:32:15,437 - logger.py:50 - Epoch: [1][700/859] 	 loss: 0.37694, MAE: 3.08244, time/step=440ms, lr=1.01e-04
2025-08-11 10:32:59,528 - logger.py:50 - Epoch: [1][800/859] 	 loss: 0.35130, MAE: 2.87277, time/step=440ms, lr=1.01e-04
2025-08-11 10:33:25,000 - logger.py:50 - Epoch: [1][858/859] 	 loss: 0.34410, MAE: 2.81390, time/step=440ms, lr=1.01e-04
2025-08-11 10:33:46,525 - logger.py:50 - Epoch: [1] Target: [1] train MAE: 2.81390, val MAE: 1.31344, test MAE: 1.33345, Time: 399.78s
2025-08-11 10:33:46,525 - logger.py:50 - Best -- epoch=1, train MAE: 2.81390, val MAE: 1.31344, test MAE: 1.33345

2025-08-11 10:33:47,360 - logger.py:50 - Epoch: [2][0/859] 	 loss: 0.18768, MAE: 1.53475, time/step=833ms, lr=2.01e-04
2025-08-11 10:34:31,402 - logger.py:50 - Epoch: [2][100/859] 	 loss: 0.36339, MAE: 2.97165, time/step=444ms, lr=2.01e-04
2025-08-11 10:35:15,379 - logger.py:50 - Epoch: [2][200/859] 	 loss: 0.32294, MAE: 2.64090, time/step=442ms, lr=2.01e-04
2025-08-11 10:35:59,422 - logger.py:50 - Epoch: [2][300/859] 	 loss: 0.29276, MAE: 2.39410, time/step=442ms, lr=2.01e-04
2025-08-11 10:36:43,320 - logger.py:50 - Epoch: [2][400/859] 	 loss: 0.27670, MAE: 2.26272, time/step=441ms, lr=2.01e-04
2025-08-11 10:37:27,375 - logger.py:50 - Epoch: [2][500/859] 	 loss: 0.25079, MAE: 2.05086, time/step=441ms, lr=2.01e-04
2025-08-11 10:38:11,254 - logger.py:50 - Epoch: [2][600/859] 	 loss: 0.24022, MAE: 1.96442, time/step=440ms, lr=2.01e-04
2025-08-11 10:38:55,249 - logger.py:50 - Epoch: [2][700/859] 	 loss: 0.23365, MAE: 1.91069, time/step=440ms, lr=2.01e-04
2025-08-11 10:39:39,161 - logger.py:50 - Epoch: [2][800/859] 	 loss: 0.22345, MAE: 1.82732, time/step=440ms, lr=2.01e-04
2025-08-11 10:40:04,601 - logger.py:50 - Epoch: [2][858/859] 	 loss: 0.21722, MAE: 1.77636, time/step=440ms, lr=2.01e-04
2025-08-11 10:40:26,108 - logger.py:50 - Epoch: [2] Target: [1] train MAE: 1.77636, val MAE: 0.69334, test MAE: 0.71735, Time: 399.58s
2025-08-11 10:40:26,109 - logger.py:50 - Best -- epoch=2, train MAE: 1.77636, val MAE: 0.69334, test MAE: 0.71735

2025-08-11 10:40:26,937 - logger.py:50 - Epoch: [3][0/859] 	 loss: 0.09654, MAE: 0.78945, time/step=827ms, lr=3.00e-04
2025-08-11 10:41:10,762 - logger.py:50 - Epoch: [3][100/859] 	 loss: 0.28765, MAE: 2.35231, time/step=442ms, lr=3.00e-04
2025-08-11 10:41:54,875 - logger.py:50 - Epoch: [3][200/859] 	 loss: 0.24128, MAE: 1.97312, time/step=442ms, lr=3.00e-04
2025-08-11 10:42:38,739 - logger.py:50 - Epoch: [3][300/859] 	 loss: 0.23533, MAE: 1.92444, time/step=441ms, lr=3.00e-04
2025-08-11 10:43:22,792 - logger.py:50 - Epoch: [3][400/859] 	 loss: 0.22861, MAE: 1.86949, time/step=441ms, lr=3.00e-04
2025-08-11 10:44:06,764 - logger.py:50 - Epoch: [3][500/859] 	 loss: 0.21798, MAE: 1.78254, time/step=440ms, lr=3.00e-04
2025-08-11 10:44:50,786 - logger.py:50 - Epoch: [3][600/859] 	 loss: 0.20588, MAE: 1.68357, time/step=440ms, lr=3.00e-04
2025-08-11 10:45:34,825 - logger.py:50 - Epoch: [3][700/859] 	 loss: 0.19708, MAE: 1.61165, time/step=440ms, lr=3.00e-04
2025-08-11 10:46:18,792 - logger.py:50 - Epoch: [3][800/859] 	 loss: 0.19141, MAE: 1.56527, time/step=440ms, lr=3.00e-04
2025-08-11 10:46:44,270 - logger.py:50 - Epoch: [3][858/859] 	 loss: 0.18721, MAE: 1.53096, time/step=440ms, lr=3.00e-04
2025-08-11 10:47:05,759 - logger.py:50 - Epoch: [3] Target: [1] train MAE: 1.53096, val MAE: 0.62590, test MAE: 0.64169, Time: 399.65s
2025-08-11 10:47:05,759 - logger.py:50 - Best -- epoch=3, train MAE: 1.53096, val MAE: 0.62590, test MAE: 0.64169

2025-08-11 10:47:06,622 - logger.py:50 - Epoch: [4][0/859] 	 loss: 0.09608, MAE: 0.78574, time/step=860ms, lr=4.00e-04
2025-08-11 10:47:50,557 - logger.py:50 - Epoch: [4][100/859] 	 loss: 0.15611, MAE: 1.27660, time/step=444ms, lr=4.00e-04
2025-08-11 10:48:34,650 - logger.py:50 - Epoch: [4][200/859] 	 loss: 0.17591, MAE: 1.43852, time/step=442ms, lr=4.00e-04
2025-08-11 10:49:19,049 - logger.py:50 - Epoch: [4][300/859] 	 loss: 0.16835, MAE: 1.37672, time/step=443ms, lr=4.00e-04
2025-08-11 10:50:03,424 - logger.py:50 - Epoch: [4][400/859] 	 loss: 0.15629, MAE: 1.27808, time/step=443ms, lr=4.00e-04
2025-08-11 10:50:47,571 - logger.py:50 - Epoch: [4][500/859] 	 loss: 0.15656, MAE: 1.28029, time/step=443ms, lr=4.00e-04
2025-08-11 10:51:31,777 - logger.py:50 - Epoch: [4][600/859] 	 loss: 0.14945, MAE: 1.22213, time/step=443ms, lr=4.00e-04
2025-08-11 10:52:16,228 - logger.py:50 - Epoch: [4][700/859] 	 loss: 0.14496, MAE: 1.18542, time/step=443ms, lr=4.00e-04
2025-08-11 10:53:00,550 - logger.py:50 - Epoch: [4][800/859] 	 loss: 0.14301, MAE: 1.16951, time/step=443ms, lr=4.00e-04
2025-08-11 10:53:26,263 - logger.py:50 - Epoch: [4][858/859] 	 loss: 0.14211, MAE: 1.16209, time/step=443ms, lr=4.00e-04
2025-08-11 10:53:47,980 - logger.py:50 - Epoch: [4] Target: [1] train MAE: 1.16209, val MAE: 0.92297, test MAE: 0.92277, Time: 402.22s
2025-08-11 10:53:47,981 - logger.py:50 - Best -- epoch=3, train MAE: 1.53096, val MAE: 0.62590, test MAE: 0.64169

2025-08-11 10:53:48,826 - logger.py:50 - Epoch: [5][0/859] 	 loss: 0.13500, MAE: 1.10396, time/step=843ms, lr=5.00e-04
2025-08-11 10:54:33,013 - logger.py:50 - Epoch: [5][100/859] 	 loss: 0.19478, MAE: 1.59282, time/step=446ms, lr=5.00e-04
2025-08-11 10:55:17,343 - logger.py:50 - Epoch: [5][200/859] 	 loss: 0.15768, MAE: 1.28944, time/step=445ms, lr=5.00e-04
2025-08-11 10:56:01,415 - logger.py:50 - Epoch: [5][300/859] 	 loss: 0.14183, MAE: 1.15986, time/step=443ms, lr=5.00e-04
2025-08-11 10:56:45,713 - logger.py:50 - Epoch: [5][400/859] 	 loss: 0.16330, MAE: 1.33544, time/step=443ms, lr=5.00e-04
2025-08-11 10:57:29,790 - logger.py:50 - Epoch: [5][500/859] 	 loss: 0.15346, MAE: 1.25496, time/step=443ms, lr=5.00e-04
2025-08-11 10:58:14,087 - logger.py:50 - Epoch: [5][600/859] 	 loss: 0.14780, MAE: 1.20863, time/step=443ms, lr=5.00e-04
2025-08-11 10:58:58,360 - logger.py:50 - Epoch: [5][700/859] 	 loss: 0.14007, MAE: 1.14541, time/step=443ms, lr=5.00e-04
2025-08-11 10:59:42,645 - logger.py:50 - Epoch: [5][800/859] 	 loss: 0.13712, MAE: 1.12132, time/step=443ms, lr=5.00e-04
2025-08-11 11:00:08,305 - logger.py:50 - Epoch: [5][858/859] 	 loss: 0.13546, MAE: 1.10773, time/step=443ms, lr=5.00e-04
2025-08-11 11:00:29,970 - logger.py:50 - Epoch: [5] Target: [1] train MAE: 1.10773, val MAE: 1.45538, test MAE: 1.46491, Time: 401.99s
2025-08-11 11:00:29,970 - logger.py:50 - Best -- epoch=3, train MAE: 1.53096, val MAE: 0.62590, test MAE: 0.64169

2025-08-11 11:00:30,803 - logger.py:50 - Epoch: [6][0/859] 	 loss: 0.18620, MAE: 1.52264, time/step=831ms, lr=5.00e-04
2025-08-11 11:01:15,034 - logger.py:50 - Epoch: [6][100/859] 	 loss: 0.08735, MAE: 0.71436, time/step=446ms, lr=5.00e-04
2025-08-11 11:01:59,265 - logger.py:50 - Epoch: [6][200/859] 	 loss: 0.09487, MAE: 0.77581, time/step=444ms, lr=5.00e-04
2025-08-11 11:02:43,558 - logger.py:50 - Epoch: [6][300/859] 	 loss: 0.09233, MAE: 0.75505, time/step=444ms, lr=5.00e-04
2025-08-11 11:03:27,665 - logger.py:50 - Epoch: [6][400/859] 	 loss: 0.09973, MAE: 0.81555, time/step=443ms, lr=5.00e-04
2025-08-11 11:04:11,853 - logger.py:50 - Epoch: [6][500/859] 	 loss: 0.10425, MAE: 0.85254, time/step=443ms, lr=5.00e-04
2025-08-11 11:04:56,323 - logger.py:50 - Epoch: [6][600/859] 	 loss: 0.10860, MAE: 0.88806, time/step=443ms, lr=5.00e-04
2025-08-11 11:05:40,477 - logger.py:50 - Epoch: [6][700/859] 	 loss: 0.10745, MAE: 0.87869, time/step=443ms, lr=5.00e-04
2025-08-11 11:06:24,569 - logger.py:50 - Epoch: [6][800/859] 	 loss: 0.10592, MAE: 0.86618, time/step=443ms, lr=5.00e-04
2025-08-11 11:06:50,213 - logger.py:50 - Epoch: [6][858/859] 	 loss: 0.10412, MAE: 0.85143, time/step=443ms, lr=5.00e-04
2025-08-11 11:07:11,856 - logger.py:50 - Epoch: [6] Target: [1] train MAE: 0.85143, val MAE: 0.60607, test MAE: 0.60428, Time: 401.89s
2025-08-11 11:07:11,857 - logger.py:50 - Best -- epoch=6, train MAE: 0.85143, val MAE: 0.60607, test MAE: 0.60428

2025-08-11 11:07:12,654 - logger.py:50 - Epoch: [7][0/859] 	 loss: 0.08193, MAE: 0.66999, time/step=795ms, lr=4.99e-04
2025-08-11 11:07:56,918 - logger.py:50 - Epoch: [7][100/859] 	 loss: 0.07869, MAE: 0.64346, time/step=446ms, lr=4.99e-04
2025-08-11 11:08:40,901 - logger.py:50 - Epoch: [7][200/859] 	 loss: 0.07974, MAE: 0.65211, time/step=443ms, lr=4.99e-04
2025-08-11 11:09:25,005 - logger.py:50 - Epoch: [7][300/859] 	 loss: 0.08295, MAE: 0.67836, time/step=442ms, lr=4.99e-04
2025-08-11 11:10:09,015 - logger.py:50 - Epoch: [7][400/859] 	 loss: 0.08506, MAE: 0.69562, time/step=442ms, lr=4.99e-04
2025-08-11 11:10:52,972 - logger.py:50 - Epoch: [7][500/859] 	 loss: 0.10228, MAE: 0.83640, time/step=441ms, lr=4.99e-04
2025-08-11 11:11:37,169 - logger.py:50 - Epoch: [7][600/859] 	 loss: 0.10129, MAE: 0.82827, time/step=441ms, lr=4.99e-04
2025-08-11 11:12:21,271 - logger.py:50 - Epoch: [7][700/859] 	 loss: 0.09864, MAE: 0.80662, time/step=441ms, lr=4.99e-04
2025-08-11 11:13:05,167 - logger.py:50 - Epoch: [7][800/859] 	 loss: 0.09570, MAE: 0.78261, time/step=441ms, lr=4.99e-04
2025-08-11 11:13:30,706 - logger.py:50 - Epoch: [7][858/859] 	 loss: 0.09482, MAE: 0.77543, time/step=441ms, lr=4.99e-04
2025-08-11 11:13:52,272 - logger.py:50 - Epoch: [7] Target: [1] train MAE: 0.77543, val MAE: 0.71265, test MAE: 0.72006, Time: 400.42s
2025-08-11 11:13:52,272 - logger.py:50 - Best -- epoch=6, train MAE: 0.85143, val MAE: 0.60607, test MAE: 0.60428

2025-08-11 11:13:53,117 - logger.py:50 - Epoch: [8][0/859] 	 loss: 0.07630, MAE: 0.62393, time/step=843ms, lr=4.99e-04
2025-08-11 11:14:37,266 - logger.py:50 - Epoch: [8][100/859] 	 loss: 0.07041, MAE: 0.57582, time/step=445ms, lr=4.99e-04
2025-08-11 11:15:21,359 - logger.py:50 - Epoch: [8][200/859] 	 loss: 0.07529, MAE: 0.61567, time/step=443ms, lr=4.99e-04
2025-08-11 11:16:05,590 - logger.py:50 - Epoch: [8][300/859] 	 loss: 0.07179, MAE: 0.58710, time/step=443ms, lr=4.99e-04
2025-08-11 11:16:49,661 - logger.py:50 - Epoch: [8][400/859] 	 loss: 0.07570, MAE: 0.61904, time/step=442ms, lr=4.99e-04
2025-08-11 11:17:33,924 - logger.py:50 - Epoch: [8][500/859] 	 loss: 0.08119, MAE: 0.66394, time/step=442ms, lr=4.99e-04
2025-08-11 11:18:17,786 - logger.py:50 - Epoch: [8][600/859] 	 loss: 0.08178, MAE: 0.66876, time/step=442ms, lr=4.99e-04
2025-08-11 11:19:01,696 - logger.py:50 - Epoch: [8][700/859] 	 loss: 0.08078, MAE: 0.66057, time/step=441ms, lr=4.99e-04
2025-08-11 11:19:45,728 - logger.py:50 - Epoch: [8][800/859] 	 loss: 0.08274, MAE: 0.67664, time/step=441ms, lr=4.99e-04
2025-08-11 11:20:11,208 - logger.py:50 - Epoch: [8][858/859] 	 loss: 0.08267, MAE: 0.67606, time/step=441ms, lr=4.99e-04
2025-08-11 11:20:32,781 - logger.py:50 - Epoch: [8] Target: [1] train MAE: 0.67606, val MAE: 0.77701, test MAE: 0.78020, Time: 400.51s
2025-08-11 11:20:32,781 - logger.py:50 - Best -- epoch=6, train MAE: 0.85143, val MAE: 0.60607, test MAE: 0.60428

2025-08-11 11:20:33,660 - logger.py:50 - Epoch: [9][0/859] 	 loss: 0.09451, MAE: 0.77287, time/step=876ms, lr=4.99e-04
2025-08-11 11:21:17,698 - logger.py:50 - Epoch: [9][100/859] 	 loss: 0.07053, MAE: 0.57678, time/step=445ms, lr=4.99e-04
2025-08-11 11:22:01,739 - logger.py:50 - Epoch: [9][200/859] 	 loss: 0.07062, MAE: 0.57751, time/step=443ms, lr=4.99e-04
2025-08-11 11:22:45,875 - logger.py:50 - Epoch: [9][300/859] 	 loss: 0.07643, MAE: 0.62499, time/step=442ms, lr=4.99e-04
2025-08-11 11:23:29,891 - logger.py:50 - Epoch: [9][400/859] 	 loss: 0.07625, MAE: 0.62353, time/step=442ms, lr=4.99e-04
2025-08-11 11:24:14,168 - logger.py:50 - Epoch: [9][500/859] 	 loss: 0.07796, MAE: 0.63750, time/step=442ms, lr=4.99e-04
2025-08-11 11:24:58,338 - logger.py:50 - Epoch: [9][600/859] 	 loss: 0.07563, MAE: 0.61846, time/step=442ms, lr=4.99e-04
2025-08-11 11:25:42,229 - logger.py:50 - Epoch: [9][700/859] 	 loss: 0.07493, MAE: 0.61275, time/step=441ms, lr=4.99e-04
2025-08-11 11:26:26,289 - logger.py:50 - Epoch: [9][800/859] 	 loss: 0.07632, MAE: 0.62416, time/step=441ms, lr=4.99e-04
2025-08-11 11:26:51,765 - logger.py:50 - Epoch: [9][858/859] 	 loss: 0.07600, MAE: 0.62153, time/step=441ms, lr=4.99e-04
2025-08-11 11:27:13,280 - logger.py:50 - Epoch: [9] Target: [1] train MAE: 0.62153, val MAE: 0.93295, test MAE: 0.93631, Time: 400.50s
2025-08-11 11:27:13,280 - logger.py:50 - Best -- epoch=6, train MAE: 0.85143, val MAE: 0.60607, test MAE: 0.60428

2025-08-11 11:27:14,137 - logger.py:50 - Epoch: [10][0/859] 	 loss: 0.11496, MAE: 0.94006, time/step=855ms, lr=4.99e-04
2025-08-11 11:27:58,172 - logger.py:50 - Epoch: [10][100/859] 	 loss: 0.11508, MAE: 0.94105, time/step=444ms, lr=4.99e-04
2025-08-11 11:28:42,328 - logger.py:50 - Epoch: [10][200/859] 	 loss: 0.09125, MAE: 0.74620, time/step=443ms, lr=4.99e-04
2025-08-11 11:29:26,660 - logger.py:50 - Epoch: [10][300/859] 	 loss: 0.08701, MAE: 0.71153, time/step=443ms, lr=4.99e-04
2025-08-11 11:30:10,754 - logger.py:50 - Epoch: [10][400/859] 	 loss: 0.07990, MAE: 0.65340, time/step=443ms, lr=4.99e-04
2025-08-11 11:30:54,905 - logger.py:50 - Epoch: [10][500/859] 	 loss: 0.07693, MAE: 0.62912, time/step=442ms, lr=4.99e-04
2025-08-11 11:31:38,917 - logger.py:50 - Epoch: [10][600/859] 	 loss: 0.07637, MAE: 0.62453, time/step=442ms, lr=4.99e-04
2025-08-11 11:32:22,926 - logger.py:50 - Epoch: [10][700/859] 	 loss: 0.07509, MAE: 0.61408, time/step=442ms, lr=4.99e-04
2025-08-11 11:33:07,025 - logger.py:50 - Epoch: [10][800/859] 	 loss: 0.07476, MAE: 0.61133, time/step=442ms, lr=4.99e-04
2025-08-11 11:33:32,514 - logger.py:50 - Epoch: [10][858/859] 	 loss: 0.07395, MAE: 0.60470, time/step=441ms, lr=4.99e-04
2025-08-11 11:33:54,109 - logger.py:50 - Epoch: [10] Target: [1] train MAE: 0.60470, val MAE: 0.34666, test MAE: 0.33985, Time: 400.83s
2025-08-11 11:33:54,109 - logger.py:50 - Best -- epoch=10, train MAE: 0.60470, val MAE: 0.34666, test MAE: 0.33985

2025-08-11 11:33:54,979 - logger.py:50 - Epoch: [11][0/859] 	 loss: 0.05153, MAE: 0.42142, time/step=868ms, lr=4.98e-04
2025-08-11 11:34:39,015 - logger.py:50 - Epoch: [11][100/859] 	 loss: 0.07528, MAE: 0.61560, time/step=445ms, lr=4.98e-04
2025-08-11 11:35:23,061 - logger.py:50 - Epoch: [11][200/859] 	 loss: 0.07083, MAE: 0.57922, time/step=443ms, lr=4.98e-04
2025-08-11 11:36:07,370 - logger.py:50 - Epoch: [11][300/859] 	 loss: 0.06606, MAE: 0.54021, time/step=443ms, lr=4.98e-04
2025-08-11 11:36:51,405 - logger.py:50 - Epoch: [11][400/859] 	 loss: 0.06523, MAE: 0.53345, time/step=442ms, lr=4.98e-04
2025-08-11 11:37:35,461 - logger.py:50 - Epoch: [11][500/859] 	 loss: 0.09495, MAE: 0.77646, time/step=442ms, lr=4.98e-04
2025-08-11 11:38:19,465 - logger.py:50 - Epoch: [11][600/859] 	 loss: 0.09160, MAE: 0.74903, time/step=442ms, lr=4.98e-04
2025-08-11 11:39:03,407 - logger.py:50 - Epoch: [11][700/859] 	 loss: 0.08692, MAE: 0.71080, time/step=441ms, lr=4.98e-04
2025-08-11 11:39:47,295 - logger.py:50 - Epoch: [11][800/859] 	 loss: 0.08358, MAE: 0.68351, time/step=441ms, lr=4.98e-04
2025-08-11 11:40:12,833 - logger.py:50 - Epoch: [11][858/859] 	 loss: 0.08135, MAE: 0.66527, time/step=441ms, lr=4.98e-04
2025-08-11 11:40:34,324 - logger.py:50 - Epoch: [11] Target: [1] train MAE: 0.66527, val MAE: 0.65248, test MAE: 0.64866, Time: 400.21s
2025-08-11 11:40:34,324 - logger.py:50 - Best -- epoch=10, train MAE: 0.60470, val MAE: 0.34666, test MAE: 0.33985

2025-08-11 11:40:35,172 - logger.py:50 - Epoch: [12][0/859] 	 loss: 0.09497, MAE: 0.77662, time/step=846ms, lr=4.98e-04
2025-08-11 11:41:19,149 - logger.py:50 - Epoch: [12][100/859] 	 loss: 0.06587, MAE: 0.53866, time/step=444ms, lr=4.98e-04
2025-08-11 11:42:03,111 - logger.py:50 - Epoch: [12][200/859] 	 loss: 0.05865, MAE: 0.47964, time/step=442ms, lr=4.98e-04
2025-08-11 11:42:47,313 - logger.py:50 - Epoch: [12][300/859] 	 loss: 0.05598, MAE: 0.45778, time/step=442ms, lr=4.98e-04
2025-08-11 11:43:31,278 - logger.py:50 - Epoch: [12][400/859] 	 loss: 0.05659, MAE: 0.46276, time/step=441ms, lr=4.98e-04
2025-08-11 11:44:15,395 - logger.py:50 - Epoch: [12][500/859] 	 loss: 0.05604, MAE: 0.45824, time/step=441ms, lr=4.98e-04
2025-08-11 11:44:59,422 - logger.py:50 - Epoch: [12][600/859] 	 loss: 0.05631, MAE: 0.46050, time/step=441ms, lr=4.98e-04
2025-08-11 11:45:43,535 - logger.py:50 - Epoch: [12][700/859] 	 loss: 0.05576, MAE: 0.45600, time/step=441ms, lr=4.98e-04
2025-08-11 11:46:28,200 - logger.py:50 - Epoch: [12][800/859] 	 loss: 0.05622, MAE: 0.45974, time/step=442ms, lr=4.98e-04
2025-08-11 11:46:53,587 - logger.py:50 - Epoch: [12][858/859] 	 loss: 0.05710, MAE: 0.46692, time/step=442ms, lr=4.98e-04
2025-08-11 11:47:15,149 - logger.py:50 - Epoch: [12] Target: [1] train MAE: 0.46692, val MAE: 0.35398, test MAE: 0.34869, Time: 400.82s
2025-08-11 11:47:15,149 - logger.py:50 - Best -- epoch=10, train MAE: 0.60470, val MAE: 0.34666, test MAE: 0.33985

2025-08-11 11:47:15,998 - logger.py:50 - Epoch: [13][0/859] 	 loss: 0.04926, MAE: 0.40285, time/step=847ms, lr=4.98e-04
2025-08-11 11:47:59,982 - logger.py:50 - Epoch: [13][100/859] 	 loss: 0.05479, MAE: 0.44809, time/step=444ms, lr=4.98e-04
2025-08-11 11:48:44,153 - logger.py:50 - Epoch: [13][200/859] 	 loss: 0.05111, MAE: 0.41798, time/step=443ms, lr=4.98e-04
2025-08-11 11:49:28,388 - logger.py:50 - Epoch: [13][300/859] 	 loss: 0.05186, MAE: 0.42408, time/step=443ms, lr=4.98e-04
2025-08-11 11:50:12,168 - logger.py:50 - Epoch: [13][400/859] 	 loss: 0.05215, MAE: 0.42648, time/step=441ms, lr=4.98e-04
2025-08-11 11:50:56,384 - logger.py:50 - Epoch: [13][500/859] 	 loss: 0.05359, MAE: 0.43827, time/step=442ms, lr=4.98e-04
2025-08-11 11:51:40,150 - logger.py:50 - Epoch: [13][600/859] 	 loss: 0.05410, MAE: 0.44245, time/step=441ms, lr=4.98e-04
2025-08-11 11:52:24,213 - logger.py:50 - Epoch: [13][700/859] 	 loss: 0.05317, MAE: 0.43479, time/step=441ms, lr=4.98e-04
2025-08-11 11:53:08,139 - logger.py:50 - Epoch: [13][800/859] 	 loss: 0.05241, MAE: 0.42858, time/step=441ms, lr=4.98e-04
2025-08-11 11:53:33,494 - logger.py:50 - Epoch: [13][858/859] 	 loss: 0.05273, MAE: 0.43119, time/step=440ms, lr=4.98e-04
2025-08-11 11:53:54,980 - logger.py:50 - Epoch: [13] Target: [1] train MAE: 0.43119, val MAE: 0.32404, test MAE: 0.32632, Time: 399.83s
2025-08-11 11:53:54,980 - logger.py:50 - Best -- epoch=13, train MAE: 0.43119, val MAE: 0.32404, test MAE: 0.32632

2025-08-11 11:53:55,831 - logger.py:50 - Epoch: [14][0/859] 	 loss: 0.04604, MAE: 0.37646, time/step=849ms, lr=4.97e-04
2025-08-11 11:54:39,802 - logger.py:50 - Epoch: [14][100/859] 	 loss: 0.04791, MAE: 0.39181, time/step=444ms, lr=4.97e-04
2025-08-11 11:55:23,757 - logger.py:50 - Epoch: [14][200/859] 	 loss: 0.04840, MAE: 0.39583, time/step=442ms, lr=4.97e-04
2025-08-11 11:56:07,809 - logger.py:50 - Epoch: [14][300/859] 	 loss: 0.04794, MAE: 0.39204, time/step=441ms, lr=4.97e-04
2025-08-11 11:56:51,735 - logger.py:50 - Epoch: [14][400/859] 	 loss: 0.04864, MAE: 0.39773, time/step=441ms, lr=4.97e-04
2025-08-11 11:57:35,794 - logger.py:50 - Epoch: [14][500/859] 	 loss: 0.05075, MAE: 0.41502, time/step=441ms, lr=4.97e-04
2025-08-11 11:58:19,668 - logger.py:50 - Epoch: [14][600/859] 	 loss: 0.05049, MAE: 0.41285, time/step=440ms, lr=4.97e-04
2025-08-11 11:59:03,654 - logger.py:50 - Epoch: [14][700/859] 	 loss: 0.05042, MAE: 0.41229, time/step=440ms, lr=4.97e-04
2025-08-11 11:59:47,650 - logger.py:50 - Epoch: [14][800/859] 	 loss: 0.05062, MAE: 0.41394, time/step=440ms, lr=4.97e-04
2025-08-11 12:00:13,290 - logger.py:50 - Epoch: [14][858/859] 	 loss: 0.05051, MAE: 0.41305, time/step=440ms, lr=4.97e-04
2025-08-11 12:00:34,821 - logger.py:50 - Epoch: [14] Target: [1] train MAE: 0.41305, val MAE: 0.29715, test MAE: 0.29969, Time: 399.84s
2025-08-11 12:00:34,821 - logger.py:50 - Best -- epoch=14, train MAE: 0.41305, val MAE: 0.29715, test MAE: 0.29969

2025-08-11 12:00:35,655 - logger.py:50 - Epoch: [15][0/859] 	 loss: 0.04261, MAE: 0.34844, time/step=832ms, lr=4.97e-04
2025-08-11 12:01:19,661 - logger.py:50 - Epoch: [15][100/859] 	 loss: 0.04744, MAE: 0.38797, time/step=444ms, lr=4.97e-04
2025-08-11 12:02:03,867 - logger.py:50 - Epoch: [15][200/859] 	 loss: 0.05054, MAE: 0.41332, time/step=443ms, lr=4.97e-04
2025-08-11 12:02:47,813 - logger.py:50 - Epoch: [15][300/859] 	 loss: 0.05020, MAE: 0.41055, time/step=442ms, lr=4.97e-04
2025-08-11 12:03:31,842 - logger.py:50 - Epoch: [15][400/859] 	 loss: 0.05020, MAE: 0.41053, time/step=441ms, lr=4.97e-04
2025-08-11 12:04:15,849 - logger.py:50 - Epoch: [15][500/859] 	 loss: 0.04949, MAE: 0.40471, time/step=441ms, lr=4.97e-04
2025-08-11 12:05:00,000 - logger.py:50 - Epoch: [15][600/859] 	 loss: 0.04880, MAE: 0.39903, time/step=441ms, lr=4.97e-04
2025-08-11 12:05:44,138 - logger.py:50 - Epoch: [15][700/859] 	 loss: 0.04833, MAE: 0.39520, time/step=441ms, lr=4.97e-04
2025-08-11 12:06:28,300 - logger.py:50 - Epoch: [15][800/859] 	 loss: 0.04848, MAE: 0.39643, time/step=441ms, lr=4.97e-04
2025-08-11 12:06:53,643 - logger.py:50 - Epoch: [15][858/859] 	 loss: 0.04807, MAE: 0.39309, time/step=441ms, lr=4.97e-04
2025-08-11 12:07:15,159 - logger.py:50 - Epoch: [15] Target: [1] train MAE: 0.39309, val MAE: 0.40476, test MAE: 0.41241, Time: 400.34s
2025-08-11 12:07:15,159 - logger.py:50 - Best -- epoch=14, train MAE: 0.41305, val MAE: 0.29715, test MAE: 0.29969

2025-08-11 12:07:16,008 - logger.py:50 - Epoch: [16][0/859] 	 loss: 0.04192, MAE: 0.34281, time/step=847ms, lr=4.97e-04
2025-08-11 12:08:00,171 - logger.py:50 - Epoch: [16][100/859] 	 loss: 0.04340, MAE: 0.35493, time/step=446ms, lr=4.97e-04
2025-08-11 12:08:44,145 - logger.py:50 - Epoch: [16][200/859] 	 loss: 0.04253, MAE: 0.34777, time/step=443ms, lr=4.97e-04
2025-08-11 12:09:28,008 - logger.py:50 - Epoch: [16][300/859] 	 loss: 0.04226, MAE: 0.34559, time/step=441ms, lr=4.97e-04
2025-08-11 12:10:12,259 - logger.py:50 - Epoch: [16][400/859] 	 loss: 0.04214, MAE: 0.34457, time/step=442ms, lr=4.97e-04
2025-08-11 12:10:56,297 - logger.py:50 - Epoch: [16][500/859] 	 loss: 0.05589, MAE: 0.45702, time/step=441ms, lr=4.97e-04
2025-08-11 12:11:40,343 - logger.py:50 - Epoch: [16][600/859] 	 loss: 0.06112, MAE: 0.49979, time/step=441ms, lr=4.97e-04
2025-08-11 12:12:24,491 - logger.py:50 - Epoch: [16][700/859] 	 loss: 0.06107, MAE: 0.49943, time/step=441ms, lr=4.97e-04
2025-08-11 12:13:08,490 - logger.py:50 - Epoch: [16][800/859] 	 loss: 0.06147, MAE: 0.50264, time/step=441ms, lr=4.97e-04
2025-08-11 12:13:34,037 - logger.py:50 - Epoch: [16][858/859] 	 loss: 0.06132, MAE: 0.50143, time/step=441ms, lr=4.97e-04
2025-08-11 12:13:55,575 - logger.py:50 - Epoch: [16] Target: [1] train MAE: 0.50143, val MAE: 0.34078, test MAE: 0.34324, Time: 400.42s
2025-08-11 12:13:55,575 - logger.py:50 - Best -- epoch=14, train MAE: 0.41305, val MAE: 0.29715, test MAE: 0.29969

2025-08-11 12:13:56,438 - logger.py:50 - Epoch: [17][0/859] 	 loss: 0.05082, MAE: 0.41556, time/step=860ms, lr=4.96e-04
2025-08-11 12:14:40,459 - logger.py:50 - Epoch: [17][100/859] 	 loss: 0.04922, MAE: 0.40248, time/step=444ms, lr=4.96e-04
2025-08-11 12:15:24,652 - logger.py:50 - Epoch: [17][200/859] 	 loss: 0.05395, MAE: 0.44117, time/step=443ms, lr=4.96e-04
2025-08-11 12:16:08,788 - logger.py:50 - Epoch: [17][300/859] 	 loss: 0.05157, MAE: 0.42171, time/step=443ms, lr=4.96e-04
2025-08-11 12:16:52,829 - logger.py:50 - Epoch: [17][400/859] 	 loss: 0.04987, MAE: 0.40782, time/step=442ms, lr=4.96e-04
2025-08-11 12:17:36,858 - logger.py:50 - Epoch: [17][500/859] 	 loss: 0.04923, MAE: 0.40261, time/step=442ms, lr=4.96e-04
2025-08-11 12:18:20,834 - logger.py:50 - Epoch: [17][600/859] 	 loss: 0.04832, MAE: 0.39510, time/step=441ms, lr=4.96e-04
2025-08-11 12:19:05,061 - logger.py:50 - Epoch: [17][700/859] 	 loss: 0.04717, MAE: 0.38575, time/step=441ms, lr=4.96e-04
2025-08-11 12:19:49,106 - logger.py:50 - Epoch: [17][800/859] 	 loss: 0.04618, MAE: 0.37765, time/step=441ms, lr=4.96e-04
2025-08-11 12:20:14,465 - logger.py:50 - Epoch: [17][858/859] 	 loss: 0.04580, MAE: 0.37454, time/step=441ms, lr=4.96e-04
2025-08-11 12:20:35,992 - logger.py:50 - Epoch: [17] Target: [1] train MAE: 0.37454, val MAE: 0.33156, test MAE: 0.33576, Time: 400.42s
2025-08-11 12:20:35,992 - logger.py:50 - Best -- epoch=14, train MAE: 0.41305, val MAE: 0.29715, test MAE: 0.29969

2025-08-11 12:20:36,865 - logger.py:50 - Epoch: [18][0/859] 	 loss: 0.03905, MAE: 0.31935, time/step=870ms, lr=4.96e-04
2025-08-11 12:21:20,838 - logger.py:50 - Epoch: [18][100/859] 	 loss: 0.03702, MAE: 0.30270, time/step=444ms, lr=4.96e-04
2025-08-11 12:22:05,043 - logger.py:50 - Epoch: [18][200/859] 	 loss: 0.03878, MAE: 0.31716, time/step=443ms, lr=4.96e-04
2025-08-11 12:22:49,205 - logger.py:50 - Epoch: [18][300/859] 	 loss: 0.03937, MAE: 0.32198, time/step=443ms, lr=4.96e-04
2025-08-11 12:23:33,362 - logger.py:50 - Epoch: [18][400/859] 	 loss: 0.03913, MAE: 0.31998, time/step=442ms, lr=4.96e-04
2025-08-11 12:24:17,249 - logger.py:50 - Epoch: [18][500/859] 	 loss: 0.03989, MAE: 0.32620, time/step=442ms, lr=4.96e-04
2025-08-11 12:25:01,048 - logger.py:50 - Epoch: [18][600/859] 	 loss: 0.04113, MAE: 0.33637, time/step=441ms, lr=4.96e-04
2025-08-11 12:25:45,063 - logger.py:50 - Epoch: [18][700/859] 	 loss: 0.04099, MAE: 0.33521, time/step=441ms, lr=4.96e-04
2025-08-11 12:26:29,030 - logger.py:50 - Epoch: [18][800/859] 	 loss: 0.04092, MAE: 0.33461, time/step=441ms, lr=4.96e-04
2025-08-11 12:26:54,458 - logger.py:50 - Epoch: [18][858/859] 	 loss: 0.04140, MAE: 0.33859, time/step=441ms, lr=4.96e-04
2025-08-11 12:27:15,963 - logger.py:50 - Epoch: [18] Target: [1] train MAE: 0.33859, val MAE: 0.23714, test MAE: 0.23864, Time: 399.97s
2025-08-11 12:27:15,963 - logger.py:50 - Best -- epoch=18, train MAE: 0.33859, val MAE: 0.23714, test MAE: 0.23864

2025-08-11 12:27:16,798 - logger.py:50 - Epoch: [19][0/859] 	 loss: 0.03246, MAE: 0.26545, time/step=833ms, lr=4.95e-04
2025-08-11 12:28:00,982 - logger.py:50 - Epoch: [19][100/859] 	 loss: 0.03620, MAE: 0.29603, time/step=446ms, lr=4.95e-04
2025-08-11 12:28:44,910 - logger.py:50 - Epoch: [19][200/859] 	 loss: 0.03616, MAE: 0.29568, time/step=443ms, lr=4.95e-04
2025-08-11 12:29:28,864 - logger.py:50 - Epoch: [19][300/859] 	 loss: 0.03679, MAE: 0.30084, time/step=442ms, lr=4.95e-04
2025-08-11 12:30:12,757 - logger.py:50 - Epoch: [19][400/859] 	 loss: 0.03807, MAE: 0.31132, time/step=441ms, lr=4.95e-04
2025-08-11 12:30:56,654 - logger.py:50 - Epoch: [19][500/859] 	 loss: 0.03816, MAE: 0.31203, time/step=440ms, lr=4.95e-04
2025-08-11 12:31:40,772 - logger.py:50 - Epoch: [19][600/859] 	 loss: 0.03800, MAE: 0.31079, time/step=441ms, lr=4.95e-04
2025-08-11 12:32:24,751 - logger.py:50 - Epoch: [19][700/859] 	 loss: 0.03935, MAE: 0.32176, time/step=440ms, lr=4.95e-04
2025-08-11 12:33:08,671 - logger.py:50 - Epoch: [19][800/859] 	 loss: 0.03905, MAE: 0.31931, time/step=440ms, lr=4.95e-04
2025-08-11 12:33:34,219 - logger.py:50 - Epoch: [19][858/859] 	 loss: 0.03889, MAE: 0.31800, time/step=440ms, lr=4.95e-04
2025-08-11 12:33:55,709 - logger.py:50 - Epoch: [19] Target: [1] train MAE: 0.31800, val MAE: 0.26238, test MAE: 0.26499, Time: 399.75s
2025-08-11 12:33:55,709 - logger.py:50 - Best -- epoch=18, train MAE: 0.33859, val MAE: 0.23714, test MAE: 0.23864

2025-08-11 12:33:56,586 - logger.py:50 - Epoch: [20][0/859] 	 loss: 0.03303, MAE: 0.27013, time/step=875ms, lr=4.95e-04
2025-08-11 12:34:40,677 - logger.py:50 - Epoch: [20][100/859] 	 loss: 0.03652, MAE: 0.29863, time/step=445ms, lr=4.95e-04
2025-08-11 12:35:24,795 - logger.py:50 - Epoch: [20][200/859] 	 loss: 0.03646, MAE: 0.29820, time/step=443ms, lr=4.95e-04
2025-08-11 12:36:08,707 - logger.py:50 - Epoch: [20][300/859] 	 loss: 0.03631, MAE: 0.29697, time/step=442ms, lr=4.95e-04
2025-08-11 12:36:52,915 - logger.py:50 - Epoch: [20][400/859] 	 loss: 0.03658, MAE: 0.29915, time/step=442ms, lr=4.95e-04
2025-08-11 12:37:36,924 - logger.py:50 - Epoch: [20][500/859] 	 loss: 0.03747, MAE: 0.30641, time/step=442ms, lr=4.95e-04
2025-08-11 12:38:20,714 - logger.py:50 - Epoch: [20][600/859] 	 loss: 0.04302, MAE: 0.35181, time/step=441ms, lr=4.95e-04
2025-08-11 12:39:04,673 - logger.py:50 - Epoch: [20][700/859] 	 loss: 0.04309, MAE: 0.35235, time/step=441ms, lr=4.95e-04
2025-08-11 12:39:48,669 - logger.py:50 - Epoch: [20][800/859] 	 loss: 0.04236, MAE: 0.34642, time/step=441ms, lr=4.95e-04
2025-08-11 12:40:14,172 - logger.py:50 - Epoch: [20][858/859] 	 loss: 0.04219, MAE: 0.34498, time/step=441ms, lr=4.95e-04
2025-08-11 12:40:35,615 - logger.py:50 - Epoch: [20] Target: [1] train MAE: 0.34498, val MAE: 0.27351, test MAE: 0.27294, Time: 399.91s
2025-08-11 12:40:35,615 - logger.py:50 - Best -- epoch=18, train MAE: 0.33859, val MAE: 0.23714, test MAE: 0.23864

2025-08-11 12:40:36,466 - logger.py:50 - Epoch: [21][0/859] 	 loss: 0.03601, MAE: 0.29447, time/step=850ms, lr=4.94e-04
2025-08-11 12:41:20,548 - logger.py:50 - Epoch: [21][100/859] 	 loss: 0.03488, MAE: 0.28524, time/step=445ms, lr=4.94e-04
2025-08-11 12:42:04,678 - logger.py:50 - Epoch: [21][200/859] 	 loss: 0.03453, MAE: 0.28241, time/step=443ms, lr=4.94e-04
2025-08-11 12:42:48,786 - logger.py:50 - Epoch: [21][300/859] 	 loss: 0.03529, MAE: 0.28859, time/step=442ms, lr=4.94e-04
2025-08-11 12:43:32,615 - logger.py:50 - Epoch: [21][400/859] 	 loss: 0.03573, MAE: 0.29221, time/step=441ms, lr=4.94e-04
2025-08-11 12:44:16,497 - logger.py:50 - Epoch: [21][500/859] 	 loss: 0.03631, MAE: 0.29690, time/step=441ms, lr=4.94e-04
2025-08-11 12:45:00,624 - logger.py:50 - Epoch: [21][600/859] 	 loss: 0.03603, MAE: 0.29463, time/step=441ms, lr=4.94e-04
2025-08-11 12:45:44,419 - logger.py:50 - Epoch: [21][700/859] 	 loss: 0.03597, MAE: 0.29413, time/step=441ms, lr=4.94e-04
2025-08-11 12:46:28,444 - logger.py:50 - Epoch: [21][800/859] 	 loss: 0.03532, MAE: 0.28882, time/step=440ms, lr=4.94e-04
2025-08-11 12:46:53,907 - logger.py:50 - Epoch: [21][858/859] 	 loss: 0.03504, MAE: 0.28656, time/step=440ms, lr=4.94e-04
2025-08-11 12:47:15,367 - logger.py:50 - Epoch: [21] Target: [1] train MAE: 0.28656, val MAE: 0.23468, test MAE: 0.23950, Time: 399.75s
2025-08-11 12:47:15,367 - logger.py:50 - Best -- epoch=21, train MAE: 0.28656, val MAE: 0.23468, test MAE: 0.23950

2025-08-11 12:47:16,220 - logger.py:50 - Epoch: [22][0/859] 	 loss: 0.03619, MAE: 0.29595, time/step=851ms, lr=4.93e-04
2025-08-11 12:48:00,207 - logger.py:50 - Epoch: [22][100/859] 	 loss: 0.03298, MAE: 0.26967, time/step=444ms, lr=4.93e-04
2025-08-11 12:48:44,149 - logger.py:50 - Epoch: [22][200/859] 	 loss: 0.03401, MAE: 0.27813, time/step=442ms, lr=4.93e-04
2025-08-11 12:49:28,149 - logger.py:50 - Epoch: [22][300/859] 	 loss: 0.03601, MAE: 0.29445, time/step=441ms, lr=4.93e-04
2025-08-11 12:50:12,120 - logger.py:50 - Epoch: [22][400/859] 	 loss: 0.03577, MAE: 0.29251, time/step=441ms, lr=4.93e-04
2025-08-11 12:50:56,204 - logger.py:50 - Epoch: [22][500/859] 	 loss: 0.03576, MAE: 0.29244, time/step=441ms, lr=4.93e-04
2025-08-11 12:51:40,330 - logger.py:50 - Epoch: [22][600/859] 	 loss: 0.03522, MAE: 0.28803, time/step=441ms, lr=4.93e-04
2025-08-11 12:52:24,280 - logger.py:50 - Epoch: [22][700/859] 	 loss: 0.03484, MAE: 0.28487, time/step=441ms, lr=4.93e-04
2025-08-11 12:53:08,642 - logger.py:50 - Epoch: [22][800/859] 	 loss: 0.03479, MAE: 0.28448, time/step=441ms, lr=4.93e-04
2025-08-11 12:53:34,399 - logger.py:50 - Epoch: [22][858/859] 	 loss: 0.03492, MAE: 0.28552, time/step=441ms, lr=4.93e-04
2025-08-11 12:53:56,142 - logger.py:50 - Epoch: [22] Target: [1] train MAE: 0.28552, val MAE: 0.29645, test MAE: 0.30550, Time: 400.77s
2025-08-11 12:53:56,142 - logger.py:50 - Best -- epoch=21, train MAE: 0.28656, val MAE: 0.23468, test MAE: 0.23950

2025-08-11 12:53:57,007 - logger.py:50 - Epoch: [23][0/859] 	 loss: 0.03622, MAE: 0.29620, time/step=863ms, lr=4.93e-04
2025-08-11 12:54:41,414 - logger.py:50 - Epoch: [23][100/859] 	 loss: 0.03314, MAE: 0.27097, time/step=448ms, lr=4.93e-04
2025-08-11 12:55:25,863 - logger.py:50 - Epoch: [23][200/859] 	 loss: 0.03373, MAE: 0.27584, time/step=446ms, lr=4.93e-04
2025-08-11 12:56:10,248 - logger.py:50 - Epoch: [23][300/859] 	 loss: 0.03350, MAE: 0.27393, time/step=446ms, lr=4.93e-04
2025-08-11 12:56:54,530 - logger.py:50 - Epoch: [23][400/859] 	 loss: 0.03341, MAE: 0.27320, time/step=445ms, lr=4.93e-04
2025-08-11 12:57:38,714 - logger.py:50 - Epoch: [23][500/859] 	 loss: 0.03407, MAE: 0.27859, time/step=444ms, lr=4.93e-04
2025-08-11 12:58:22,913 - logger.py:50 - Epoch: [23][600/859] 	 loss: 0.03378, MAE: 0.27621, time/step=444ms, lr=4.93e-04
2025-08-11 12:59:07,488 - logger.py:50 - Epoch: [23][700/859] 	 loss: 0.03345, MAE: 0.27355, time/step=444ms, lr=4.93e-04
2025-08-11 12:59:51,690 - logger.py:50 - Epoch: [23][800/859] 	 loss: 0.03290, MAE: 0.26906, time/step=444ms, lr=4.93e-04
2025-08-11 13:00:17,518 - logger.py:50 - Epoch: [23][858/859] 	 loss: 0.03281, MAE: 0.26833, time/step=444ms, lr=4.93e-04
2025-08-11 13:00:39,191 - logger.py:50 - Epoch: [23] Target: [1] train MAE: 0.26833, val MAE: 0.25000, test MAE: 0.24750, Time: 403.05s
2025-08-11 13:00:39,191 - logger.py:50 - Best -- epoch=21, train MAE: 0.28656, val MAE: 0.23468, test MAE: 0.23950

2025-08-11 13:00:40,061 - logger.py:50 - Epoch: [24][0/859] 	 loss: 0.03766, MAE: 0.30797, time/step=868ms, lr=4.92e-04
2025-08-11 13:01:24,423 - logger.py:50 - Epoch: [24][100/859] 	 loss: 0.03439, MAE: 0.28125, time/step=448ms, lr=4.92e-04
2025-08-11 13:02:08,707 - logger.py:50 - Epoch: [24][200/859] 	 loss: 0.04112, MAE: 0.33629, time/step=445ms, lr=4.92e-04
2025-08-11 13:02:53,031 - logger.py:50 - Epoch: [24][300/859] 	 loss: 0.03820, MAE: 0.31240, time/step=445ms, lr=4.92e-04
2025-08-11 13:03:37,362 - logger.py:50 - Epoch: [24][400/859] 	 loss: 0.03611, MAE: 0.29529, time/step=444ms, lr=4.92e-04
2025-08-11 13:04:21,606 - logger.py:50 - Epoch: [24][500/859] 	 loss: 0.03544, MAE: 0.28985, time/step=444ms, lr=4.92e-04
2025-08-11 13:05:05,865 - logger.py:50 - Epoch: [24][600/859] 	 loss: 0.03495, MAE: 0.28581, time/step=444ms, lr=4.92e-04
2025-08-11 13:05:50,349 - logger.py:50 - Epoch: [24][700/859] 	 loss: 0.03456, MAE: 0.28263, time/step=444ms, lr=4.92e-04
2025-08-11 13:06:34,654 - logger.py:50 - Epoch: [24][800/859] 	 loss: 0.03398, MAE: 0.27788, time/step=444ms, lr=4.92e-04
2025-08-11 13:07:00,222 - logger.py:50 - Epoch: [24][858/859] 	 loss: 0.03397, MAE: 0.27780, time/step=444ms, lr=4.92e-04
2025-08-11 13:07:21,872 - logger.py:50 - Epoch: [24] Target: [1] train MAE: 0.27780, val MAE: 0.22503, test MAE: 0.22805, Time: 402.68s
2025-08-11 13:07:21,872 - logger.py:50 - Best -- epoch=24, train MAE: 0.27780, val MAE: 0.22503, test MAE: 0.22805

2025-08-11 13:07:22,725 - logger.py:50 - Epoch: [25][0/859] 	 loss: 0.03052, MAE: 0.24957, time/step=851ms, lr=4.91e-04
2025-08-11 13:08:06,956 - logger.py:50 - Epoch: [25][100/859] 	 loss: 0.03294, MAE: 0.26940, time/step=446ms, lr=4.91e-04
2025-08-11 13:08:51,504 - logger.py:50 - Epoch: [25][200/859] 	 loss: 0.03062, MAE: 0.25040, time/step=446ms, lr=4.91e-04
2025-08-11 13:09:35,971 - logger.py:50 - Epoch: [25][300/859] 	 loss: 0.03021, MAE: 0.24701, time/step=446ms, lr=4.91e-04
2025-08-11 13:10:20,305 - logger.py:50 - Epoch: [25][400/859] 	 loss: 0.03012, MAE: 0.24635, time/step=445ms, lr=4.91e-04
2025-08-11 13:11:04,309 - logger.py:50 - Epoch: [25][500/859] 	 loss: 0.02987, MAE: 0.24428, time/step=444ms, lr=4.91e-04
2025-08-11 13:11:48,515 - logger.py:50 - Epoch: [25][600/859] 	 loss: 0.02977, MAE: 0.24346, time/step=444ms, lr=4.91e-04
2025-08-11 13:12:32,765 - logger.py:50 - Epoch: [25][700/859] 	 loss: 0.03022, MAE: 0.24715, time/step=443ms, lr=4.91e-04
2025-08-11 13:13:16,940 - logger.py:50 - Epoch: [25][800/859] 	 loss: 0.03024, MAE: 0.24732, time/step=443ms, lr=4.91e-04
2025-08-11 13:13:42,449 - logger.py:50 - Epoch: [25][858/859] 	 loss: 0.03022, MAE: 0.24711, time/step=443ms, lr=4.91e-04
2025-08-11 13:14:04,016 - logger.py:50 - Epoch: [25] Target: [1] train MAE: 0.24711, val MAE: 0.21174, test MAE: 0.21857, Time: 402.14s
2025-08-11 13:14:04,016 - logger.py:50 - Best -- epoch=25, train MAE: 0.24711, val MAE: 0.21174, test MAE: 0.21857

2025-08-11 13:14:04,903 - logger.py:50 - Epoch: [26][0/859] 	 loss: 0.02522, MAE: 0.20624, time/step=885ms, lr=4.91e-04
2025-08-11 13:14:49,006 - logger.py:50 - Epoch: [26][100/859] 	 loss: 0.03037, MAE: 0.24832, time/step=445ms, lr=4.91e-04
2025-08-11 13:15:33,120 - logger.py:50 - Epoch: [26][200/859] 	 loss: 0.04486, MAE: 0.36686, time/step=443ms, lr=4.91e-04
2025-08-11 13:16:17,390 - logger.py:50 - Epoch: [26][300/859] 	 loss: 0.04059, MAE: 0.33194, time/step=443ms, lr=4.91e-04
2025-08-11 13:17:01,712 - logger.py:50 - Epoch: [26][400/859] 	 loss: 0.03768, MAE: 0.30811, time/step=443ms, lr=4.91e-04
2025-08-11 13:17:45,955 - logger.py:50 - Epoch: [26][500/859] 	 loss: 0.03611, MAE: 0.29526, time/step=443ms, lr=4.91e-04
2025-08-11 13:18:30,107 - logger.py:50 - Epoch: [26][600/859] 	 loss: 0.03512, MAE: 0.28720, time/step=443ms, lr=4.91e-04
2025-08-11 13:19:14,246 - logger.py:50 - Epoch: [26][700/859] 	 loss: 0.03412, MAE: 0.27901, time/step=443ms, lr=4.91e-04
2025-08-11 13:19:58,168 - logger.py:50 - Epoch: [26][800/859] 	 loss: 0.03347, MAE: 0.27374, time/step=442ms, lr=4.91e-04
2025-08-11 13:20:23,673 - logger.py:50 - Epoch: [26][858/859] 	 loss: 0.03311, MAE: 0.27074, time/step=442ms, lr=4.91e-04
2025-08-11 13:20:45,272 - logger.py:50 - Epoch: [26] Target: [1] train MAE: 0.27074, val MAE: 0.21266, test MAE: 0.21930, Time: 401.26s
2025-08-11 13:20:45,272 - logger.py:50 - Best -- epoch=25, train MAE: 0.24711, val MAE: 0.21174, test MAE: 0.21857

2025-08-11 13:20:46,151 - logger.py:50 - Epoch: [27][0/859] 	 loss: 0.02667, MAE: 0.21811, time/step=877ms, lr=4.90e-04
2025-08-11 13:21:30,450 - logger.py:50 - Epoch: [27][100/859] 	 loss: 0.03020, MAE: 0.24696, time/step=447ms, lr=4.90e-04
2025-08-11 13:22:14,557 - logger.py:50 - Epoch: [27][200/859] 	 loss: 0.02942, MAE: 0.24057, time/step=444ms, lr=4.90e-04
2025-08-11 13:22:58,558 - logger.py:50 - Epoch: [27][300/859] 	 loss: 0.03014, MAE: 0.24644, time/step=443ms, lr=4.90e-04
2025-08-11 13:23:42,705 - logger.py:50 - Epoch: [27][400/859] 	 loss: 0.03021, MAE: 0.24706, time/step=442ms, lr=4.90e-04
2025-08-11 13:24:26,857 - logger.py:50 - Epoch: [27][500/859] 	 loss: 0.03048, MAE: 0.24923, time/step=442ms, lr=4.90e-04
2025-08-11 13:25:11,009 - logger.py:50 - Epoch: [27][600/859] 	 loss: 0.03010, MAE: 0.24618, time/step=442ms, lr=4.90e-04
2025-08-11 13:25:55,038 - logger.py:50 - Epoch: [27][700/859] 	 loss: 0.02979, MAE: 0.24358, time/step=442ms, lr=4.90e-04
2025-08-11 13:26:39,469 - logger.py:50 - Epoch: [27][800/859] 	 loss: 0.02936, MAE: 0.24008, time/step=442ms, lr=4.90e-04
2025-08-11 13:27:05,196 - logger.py:50 - Epoch: [27][858/859] 	 loss: 0.02930, MAE: 0.23958, time/step=442ms, lr=4.90e-04
2025-08-11 13:27:26,809 - logger.py:50 - Epoch: [27] Target: [1] train MAE: 0.23958, val MAE: 0.21711, test MAE: 0.22040, Time: 401.54s
2025-08-11 13:27:26,809 - logger.py:50 - Best -- epoch=25, train MAE: 0.24711, val MAE: 0.21174, test MAE: 0.21857

2025-08-11 13:27:27,722 - logger.py:50 - Epoch: [28][0/859] 	 loss: 0.02882, MAE: 0.23564, time/step=912ms, lr=4.89e-04
2025-08-11 13:28:11,979 - logger.py:50 - Epoch: [28][100/859] 	 loss: 0.02874, MAE: 0.23502, time/step=447ms, lr=4.89e-04
2025-08-11 13:28:56,055 - logger.py:50 - Epoch: [28][200/859] 	 loss: 0.02866, MAE: 0.23439, time/step=444ms, lr=4.89e-04
2025-08-11 13:29:40,291 - logger.py:50 - Epoch: [28][300/859] 	 loss: 0.02799, MAE: 0.22890, time/step=443ms, lr=4.89e-04
2025-08-11 13:30:24,396 - logger.py:50 - Epoch: [28][400/859] 	 loss: 0.02796, MAE: 0.22865, time/step=443ms, lr=4.89e-04
2025-08-11 13:31:08,565 - logger.py:50 - Epoch: [28][500/859] 	 loss: 0.02781, MAE: 0.22742, time/step=443ms, lr=4.89e-04
2025-08-11 13:31:52,676 - logger.py:50 - Epoch: [28][600/859] 	 loss: 0.02851, MAE: 0.23312, time/step=442ms, lr=4.89e-04
2025-08-11 13:32:36,947 - logger.py:50 - Epoch: [28][700/859] 	 loss: 0.02860, MAE: 0.23390, time/step=442ms, lr=4.89e-04
2025-08-11 13:33:20,981 - logger.py:50 - Epoch: [28][800/859] 	 loss: 0.02824, MAE: 0.23096, time/step=442ms, lr=4.89e-04
2025-08-11 13:33:46,518 - logger.py:50 - Epoch: [28][858/859] 	 loss: 0.02823, MAE: 0.23089, time/step=442ms, lr=4.89e-04
2025-08-11 13:34:08,099 - logger.py:50 - Epoch: [28] Target: [1] train MAE: 0.23089, val MAE: 0.21634, test MAE: 0.22127, Time: 401.29s
2025-08-11 13:34:08,099 - logger.py:50 - Best -- epoch=25, train MAE: 0.24711, val MAE: 0.21174, test MAE: 0.21857

2025-08-11 13:34:08,928 - logger.py:50 - Epoch: [29][0/859] 	 loss: 0.02999, MAE: 0.24528, time/step=826ms, lr=4.89e-04
2025-08-11 13:34:53,399 - logger.py:50 - Epoch: [29][100/859] 	 loss: 0.02763, MAE: 0.22594, time/step=448ms, lr=4.89e-04
2025-08-11 13:35:37,754 - logger.py:50 - Epoch: [29][200/859] 	 loss: 0.02653, MAE: 0.21694, time/step=446ms, lr=4.89e-04
2025-08-11 13:36:21,855 - logger.py:50 - Epoch: [29][300/859] 	 loss: 0.02671, MAE: 0.21845, time/step=444ms, lr=4.89e-04
2025-08-11 13:37:06,069 - logger.py:50 - Epoch: [29][400/859] 	 loss: 0.03244, MAE: 0.26531, time/step=444ms, lr=4.89e-04
2025-08-11 13:37:50,057 - logger.py:50 - Epoch: [29][500/859] 	 loss: 0.03573, MAE: 0.29219, time/step=443ms, lr=4.89e-04
2025-08-11 13:38:34,051 - logger.py:50 - Epoch: [29][600/859] 	 loss: 0.03470, MAE: 0.28379, time/step=443ms, lr=4.89e-04
2025-08-11 13:39:18,170 - logger.py:50 - Epoch: [29][700/859] 	 loss: 0.03375, MAE: 0.27599, time/step=442ms, lr=4.89e-04
2025-08-11 13:40:02,186 - logger.py:50 - Epoch: [29][800/859] 	 loss: 0.03270, MAE: 0.26740, time/step=442ms, lr=4.89e-04
2025-08-11 13:40:27,888 - logger.py:50 - Epoch: [29][858/859] 	 loss: 0.03222, MAE: 0.26344, time/step=442ms, lr=4.89e-04
2025-08-11 13:40:49,469 - logger.py:50 - Epoch: [29] Target: [1] train MAE: 0.26344, val MAE: 0.22505, test MAE: 0.23767, Time: 401.37s
2025-08-11 13:40:49,469 - logger.py:50 - Best -- epoch=25, train MAE: 0.24711, val MAE: 0.21174, test MAE: 0.21857

2025-08-11 13:40:50,273 - logger.py:50 - Epoch: [30][0/859] 	 loss: 0.02344, MAE: 0.19169, time/step=802ms, lr=4.88e-04
2025-08-11 13:41:34,571 - logger.py:50 - Epoch: [30][100/859] 	 loss: 0.02904, MAE: 0.23744, time/step=447ms, lr=4.88e-04
2025-08-11 13:42:18,675 - logger.py:50 - Epoch: [30][200/859] 	 loss: 0.02777, MAE: 0.22713, time/step=444ms, lr=4.88e-04
2025-08-11 13:43:02,470 - logger.py:50 - Epoch: [30][300/859] 	 loss: 0.02732, MAE: 0.22343, time/step=442ms, lr=4.88e-04
2025-08-11 13:43:46,629 - logger.py:50 - Epoch: [30][400/859] 	 loss: 0.02700, MAE: 0.22079, time/step=442ms, lr=4.88e-04
2025-08-11 13:44:30,617 - logger.py:50 - Epoch: [30][500/859] 	 loss: 0.02693, MAE: 0.22019, time/step=441ms, lr=4.88e-04
2025-08-11 13:45:14,583 - logger.py:50 - Epoch: [30][600/859] 	 loss: 0.02666, MAE: 0.21803, time/step=441ms, lr=4.88e-04
2025-08-11 13:45:58,516 - logger.py:50 - Epoch: [30][700/859] 	 loss: 0.02683, MAE: 0.21941, time/step=441ms, lr=4.88e-04
2025-08-11 13:46:42,485 - logger.py:50 - Epoch: [30][800/859] 	 loss: 0.02682, MAE: 0.21935, time/step=441ms, lr=4.88e-04
2025-08-11 13:47:08,046 - logger.py:50 - Epoch: [30][858/859] 	 loss: 0.02682, MAE: 0.21933, time/step=441ms, lr=4.88e-04
2025-08-11 13:47:29,565 - logger.py:50 - Epoch: [30] Target: [1] train MAE: 0.21933, val MAE: 0.30021, test MAE: 0.30615, Time: 400.10s
2025-08-11 13:47:29,565 - logger.py:50 - Best -- epoch=25, train MAE: 0.24711, val MAE: 0.21174, test MAE: 0.21857

2025-08-11 13:47:30,470 - logger.py:50 - Epoch: [31][0/859] 	 loss: 0.03587, MAE: 0.29333, time/step=903ms, lr=4.87e-04
2025-08-11 13:48:14,591 - logger.py:50 - Epoch: [31][100/859] 	 loss: 0.02612, MAE: 0.21363, time/step=446ms, lr=4.87e-04
2025-08-11 13:48:58,550 - logger.py:50 - Epoch: [31][200/859] 	 loss: 0.02680, MAE: 0.21919, time/step=443ms, lr=4.87e-04
2025-08-11 13:49:42,496 - logger.py:50 - Epoch: [31][300/859] 	 loss: 0.02608, MAE: 0.21330, time/step=442ms, lr=4.87e-04
2025-08-11 13:50:26,614 - logger.py:50 - Epoch: [31][400/859] 	 loss: 0.02645, MAE: 0.21630, time/step=442ms, lr=4.87e-04
2025-08-11 13:51:10,632 - logger.py:50 - Epoch: [31][500/859] 	 loss: 0.02689, MAE: 0.21994, time/step=441ms, lr=4.87e-04
2025-08-11 13:51:55,609 - logger.py:50 - Epoch: [31][600/859] 	 loss: 0.02659, MAE: 0.21744, time/step=443ms, lr=4.87e-04
2025-08-11 13:52:39,977 - logger.py:50 - Epoch: [31][700/859] 	 loss: 0.02641, MAE: 0.21594, time/step=443ms, lr=4.87e-04
2025-08-11 13:53:23,988 - logger.py:50 - Epoch: [31][800/859] 	 loss: 0.02643, MAE: 0.21611, time/step=442ms, lr=4.87e-04
2025-08-11 13:53:49,549 - logger.py:50 - Epoch: [31][858/859] 	 loss: 0.02626, MAE: 0.21473, time/step=442ms, lr=4.87e-04
2025-08-11 13:54:11,192 - logger.py:50 - Epoch: [31] Target: [1] train MAE: 0.21473, val MAE: 0.23221, test MAE: 0.23824, Time: 401.63s
2025-08-11 13:54:11,192 - logger.py:50 - Best -- epoch=25, train MAE: 0.24711, val MAE: 0.21174, test MAE: 0.21857

2025-08-11 13:54:12,075 - logger.py:50 - Epoch: [32][0/859] 	 loss: 0.02847, MAE: 0.23282, time/step=881ms, lr=4.86e-04
2025-08-11 13:54:56,078 - logger.py:50 - Epoch: [32][100/859] 	 loss: 0.02529, MAE: 0.20680, time/step=444ms, lr=4.86e-04
2025-08-11 13:55:40,150 - logger.py:50 - Epoch: [32][200/859] 	 loss: 0.02778, MAE: 0.22717, time/step=443ms, lr=4.86e-04
2025-08-11 13:56:24,322 - logger.py:50 - Epoch: [32][300/859] 	 loss: 0.02701, MAE: 0.22089, time/step=442ms, lr=4.86e-04
2025-08-11 13:57:08,354 - logger.py:50 - Epoch: [32][400/859] 	 loss: 0.02637, MAE: 0.21564, time/step=442ms, lr=4.86e-04
2025-08-11 13:57:52,229 - logger.py:50 - Epoch: [32][500/859] 	 loss: 0.02626, MAE: 0.21476, time/step=441ms, lr=4.86e-04
2025-08-11 13:58:36,268 - logger.py:50 - Epoch: [32][600/859] 	 loss: 0.02588, MAE: 0.21167, time/step=441ms, lr=4.86e-04
2025-08-11 13:59:20,502 - logger.py:50 - Epoch: [32][700/859] 	 loss: 0.02557, MAE: 0.20910, time/step=441ms, lr=4.86e-04
2025-08-11 14:00:04,451 - logger.py:50 - Epoch: [32][800/859] 	 loss: 0.02556, MAE: 0.20899, time/step=441ms, lr=4.86e-04
2025-08-11 14:00:30,004 - logger.py:50 - Epoch: [32][858/859] 	 loss: 0.02559, MAE: 0.20928, time/step=441ms, lr=4.86e-04
2025-08-11 14:00:51,530 - logger.py:50 - Epoch: [32] Target: [1] train MAE: 0.20928, val MAE: 0.18243, test MAE: 0.18742, Time: 400.34s
2025-08-11 14:00:51,530 - logger.py:50 - Best -- epoch=32, train MAE: 0.20928, val MAE: 0.18243, test MAE: 0.18742

2025-08-11 14:00:52,390 - logger.py:50 - Epoch: [33][0/859] 	 loss: 0.03390, MAE: 0.27725, time/step=858ms, lr=4.85e-04
2025-08-11 14:01:36,327 - logger.py:50 - Epoch: [33][100/859] 	 loss: 0.03897, MAE: 0.31865, time/step=444ms, lr=4.85e-04
2025-08-11 14:02:20,399 - logger.py:50 - Epoch: [33][200/859] 	 loss: 0.03239, MAE: 0.26491, time/step=442ms, lr=4.85e-04
2025-08-11 14:03:04,262 - logger.py:50 - Epoch: [33][300/859] 	 loss: 0.03037, MAE: 0.24833, time/step=441ms, lr=4.85e-04
2025-08-11 14:03:48,396 - logger.py:50 - Epoch: [33][400/859] 	 loss: 0.02934, MAE: 0.23995, time/step=441ms, lr=4.85e-04
2025-08-11 14:04:32,499 - logger.py:50 - Epoch: [33][500/859] 	 loss: 0.02836, MAE: 0.23192, time/step=441ms, lr=4.85e-04
2025-08-11 14:05:16,611 - logger.py:50 - Epoch: [33][600/859] 	 loss: 0.02753, MAE: 0.22514, time/step=441ms, lr=4.85e-04
2025-08-11 14:06:00,560 - logger.py:50 - Epoch: [33][700/859] 	 loss: 0.02724, MAE: 0.22279, time/step=441ms, lr=4.85e-04
2025-08-11 14:06:44,581 - logger.py:50 - Epoch: [33][800/859] 	 loss: 0.02700, MAE: 0.22080, time/step=441ms, lr=4.85e-04
2025-08-11 14:07:10,183 - logger.py:50 - Epoch: [33][858/859] 	 loss: 0.02682, MAE: 0.21931, time/step=441ms, lr=4.85e-04
2025-08-11 14:07:31,672 - logger.py:50 - Epoch: [33] Target: [1] train MAE: 0.21931, val MAE: 0.27114, test MAE: 0.27995, Time: 400.14s
2025-08-11 14:07:31,672 - logger.py:50 - Best -- epoch=32, train MAE: 0.20928, val MAE: 0.18243, test MAE: 0.18742

2025-08-11 14:07:32,505 - logger.py:50 - Epoch: [34][0/859] 	 loss: 0.02773, MAE: 0.22678, time/step=831ms, lr=4.84e-04
2025-08-11 14:08:16,527 - logger.py:50 - Epoch: [34][100/859] 	 loss: 0.03558, MAE: 0.29095, time/step=444ms, lr=4.84e-04
2025-08-11 14:09:00,597 - logger.py:50 - Epoch: [34][200/859] 	 loss: 0.03059, MAE: 0.25014, time/step=442ms, lr=4.84e-04
2025-08-11 14:09:44,648 - logger.py:50 - Epoch: [34][300/859] 	 loss: 0.02884, MAE: 0.23585, time/step=442ms, lr=4.84e-04
2025-08-11 14:10:28,681 - logger.py:50 - Epoch: [34][400/859] 	 loss: 0.02787, MAE: 0.22787, time/step=441ms, lr=4.84e-04
2025-08-11 14:11:12,515 - logger.py:50 - Epoch: [34][500/859] 	 loss: 0.02682, MAE: 0.21934, time/step=441ms, lr=4.84e-04
2025-08-11 14:11:56,513 - logger.py:50 - Epoch: [34][600/859] 	 loss: 0.02642, MAE: 0.21602, time/step=441ms, lr=4.84e-04
2025-08-11 14:12:40,727 - logger.py:50 - Epoch: [34][700/859] 	 loss: 0.02597, MAE: 0.21237, time/step=441ms, lr=4.84e-04
2025-08-11 14:13:24,805 - logger.py:50 - Epoch: [34][800/859] 	 loss: 0.02577, MAE: 0.21071, time/step=441ms, lr=4.84e-04
2025-08-11 14:13:50,354 - logger.py:50 - Epoch: [34][858/859] 	 loss: 0.02560, MAE: 0.20938, time/step=441ms, lr=4.84e-04
2025-08-11 14:14:11,850 - logger.py:50 - Epoch: [34] Target: [1] train MAE: 0.20938, val MAE: 0.15987, test MAE: 0.16196, Time: 400.18s
2025-08-11 14:14:11,850 - logger.py:50 - Best -- epoch=34, train MAE: 0.20938, val MAE: 0.15987, test MAE: 0.16196

2025-08-11 14:14:12,714 - logger.py:50 - Epoch: [35][0/859] 	 loss: 0.01896, MAE: 0.15504, time/step=862ms, lr=4.83e-04
2025-08-11 14:14:56,502 - logger.py:50 - Epoch: [35][100/859] 	 loss: 0.02304, MAE: 0.18842, time/step=442ms, lr=4.83e-04
2025-08-11 14:15:40,465 - logger.py:50 - Epoch: [35][200/859] 	 loss: 0.02477, MAE: 0.20260, time/step=441ms, lr=4.83e-04
2025-08-11 14:16:24,630 - logger.py:50 - Epoch: [35][300/859] 	 loss: 0.02449, MAE: 0.20025, time/step=441ms, lr=4.83e-04
2025-08-11 14:17:08,528 - logger.py:50 - Epoch: [35][400/859] 	 loss: 0.02392, MAE: 0.19563, time/step=441ms, lr=4.83e-04
2025-08-11 14:17:52,617 - logger.py:50 - Epoch: [35][500/859] 	 loss: 0.02358, MAE: 0.19285, time/step=441ms, lr=4.83e-04
2025-08-11 14:18:36,675 - logger.py:50 - Epoch: [35][600/859] 	 loss: 0.02370, MAE: 0.19377, time/step=441ms, lr=4.83e-04
2025-08-11 14:19:20,629 - logger.py:50 - Epoch: [35][700/859] 	 loss: 0.02358, MAE: 0.19286, time/step=440ms, lr=4.83e-04
2025-08-11 14:20:04,788 - logger.py:50 - Epoch: [35][800/859] 	 loss: 0.02352, MAE: 0.19236, time/step=441ms, lr=4.83e-04
2025-08-11 14:20:30,372 - logger.py:50 - Epoch: [35][858/859] 	 loss: 0.02390, MAE: 0.19547, time/step=441ms, lr=4.83e-04
2025-08-11 14:20:51,907 - logger.py:50 - Epoch: [35] Target: [1] train MAE: 0.19547, val MAE: 0.20907, test MAE: 0.20902, Time: 400.06s
2025-08-11 14:20:51,907 - logger.py:50 - Best -- epoch=34, train MAE: 0.20938, val MAE: 0.15987, test MAE: 0.16196

2025-08-11 14:20:52,752 - logger.py:50 - Epoch: [36][0/859] 	 loss: 0.02761, MAE: 0.22582, time/step=843ms, lr=4.82e-04
2025-08-11 14:21:36,769 - logger.py:50 - Epoch: [36][100/859] 	 loss: 0.02540, MAE: 0.20770, time/step=444ms, lr=4.82e-04
2025-08-11 14:22:20,952 - logger.py:50 - Epoch: [36][200/859] 	 loss: 0.02501, MAE: 0.20450, time/step=443ms, lr=4.82e-04
2025-08-11 14:23:04,922 - logger.py:50 - Epoch: [36][300/859] 	 loss: 0.02417, MAE: 0.19766, time/step=442ms, lr=4.82e-04
2025-08-11 14:23:49,106 - logger.py:50 - Epoch: [36][400/859] 	 loss: 0.02416, MAE: 0.19753, time/step=442ms, lr=4.82e-04
2025-08-11 14:24:33,124 - logger.py:50 - Epoch: [36][500/859] 	 loss: 0.02381, MAE: 0.19471, time/step=442ms, lr=4.82e-04
2025-08-11 14:25:17,180 - logger.py:50 - Epoch: [36][600/859] 	 loss: 0.02388, MAE: 0.19527, time/step=441ms, lr=4.82e-04
2025-08-11 14:26:01,217 - logger.py:50 - Epoch: [36][700/859] 	 loss: 0.02402, MAE: 0.19647, time/step=441ms, lr=4.82e-04
2025-08-11 14:26:45,162 - logger.py:50 - Epoch: [36][800/859] 	 loss: 0.02377, MAE: 0.19436, time/step=441ms, lr=4.82e-04
2025-08-11 14:27:10,635 - logger.py:50 - Epoch: [36][858/859] 	 loss: 0.02382, MAE: 0.19478, time/step=441ms, lr=4.82e-04
2025-08-11 14:27:32,183 - logger.py:50 - Epoch: [36] Target: [1] train MAE: 0.19478, val MAE: 0.17706, test MAE: 0.17624, Time: 400.28s
2025-08-11 14:27:32,183 - logger.py:50 - Best -- epoch=34, train MAE: 0.20938, val MAE: 0.15987, test MAE: 0.16196

2025-08-11 14:27:33,012 - logger.py:50 - Epoch: [37][0/859] 	 loss: 0.02744, MAE: 0.22441, time/step=828ms, lr=4.82e-04
2025-08-11 14:28:17,023 - logger.py:50 - Epoch: [37][100/859] 	 loss: 0.02363, MAE: 0.19322, time/step=444ms, lr=4.82e-04
2025-08-11 14:29:00,900 - logger.py:50 - Epoch: [37][200/859] 	 loss: 0.02508, MAE: 0.20511, time/step=441ms, lr=4.82e-04
2025-08-11 14:29:44,874 - logger.py:50 - Epoch: [37][300/859] 	 loss: 0.02390, MAE: 0.19547, time/step=441ms, lr=4.82e-04
2025-08-11 14:30:29,013 - logger.py:50 - Epoch: [37][400/859] 	 loss: 0.02429, MAE: 0.19865, time/step=441ms, lr=4.82e-04
2025-08-11 14:31:12,983 - logger.py:50 - Epoch: [37][500/859] 	 loss: 0.02388, MAE: 0.19531, time/step=441ms, lr=4.82e-04
2025-08-11 14:31:57,165 - logger.py:50 - Epoch: [37][600/859] 	 loss: 0.02366, MAE: 0.19345, time/step=441ms, lr=4.82e-04
2025-08-11 14:32:41,157 - logger.py:50 - Epoch: [37][700/859] 	 loss: 0.02354, MAE: 0.19247, time/step=441ms, lr=4.82e-04
2025-08-11 14:33:25,293 - logger.py:50 - Epoch: [37][800/859] 	 loss: 0.02354, MAE: 0.19251, time/step=441ms, lr=4.82e-04
2025-08-11 14:33:50,721 - logger.py:50 - Epoch: [37][858/859] 	 loss: 0.02359, MAE: 0.19289, time/step=441ms, lr=4.82e-04
2025-08-11 14:34:12,187 - logger.py:50 - Epoch: [37] Target: [1] train MAE: 0.19289, val MAE: 0.14366, test MAE: 0.14709, Time: 400.00s
2025-08-11 14:34:12,187 - logger.py:50 - Best -- epoch=37, train MAE: 0.19289, val MAE: 0.14366, test MAE: 0.14709

2025-08-11 14:34:13,040 - logger.py:50 - Epoch: [38][0/859] 	 loss: 0.01866, MAE: 0.15260, time/step=852ms, lr=4.81e-04
2025-08-11 14:34:57,081 - logger.py:50 - Epoch: [38][100/859] 	 loss: 0.02188, MAE: 0.17895, time/step=444ms, lr=4.81e-04
2025-08-11 14:35:41,041 - logger.py:50 - Epoch: [38][200/859] 	 loss: 0.02180, MAE: 0.17830, time/step=442ms, lr=4.81e-04
2025-08-11 14:36:24,951 - logger.py:50 - Epoch: [38][300/859] 	 loss: 0.02174, MAE: 0.17781, time/step=441ms, lr=4.81e-04
2025-08-11 14:37:08,706 - logger.py:50 - Epoch: [38][400/859] 	 loss: 0.02188, MAE: 0.17892, time/step=440ms, lr=4.81e-04
2025-08-11 14:37:52,637 - logger.py:50 - Epoch: [38][500/859] 	 loss: 0.02167, MAE: 0.17720, time/step=440ms, lr=4.81e-04
2025-08-11 14:38:36,806 - logger.py:50 - Epoch: [38][600/859] 	 loss: 0.02186, MAE: 0.17879, time/step=440ms, lr=4.81e-04
2025-08-11 14:39:20,802 - logger.py:50 - Epoch: [38][700/859] 	 loss: 0.02202, MAE: 0.18010, time/step=440ms, lr=4.81e-04
2025-08-11 14:40:04,866 - logger.py:50 - Epoch: [38][800/859] 	 loss: 0.02207, MAE: 0.18047, time/step=440ms, lr=4.81e-04
2025-08-11 14:40:30,474 - logger.py:50 - Epoch: [38][858/859] 	 loss: 0.02204, MAE: 0.18020, time/step=440ms, lr=4.81e-04
2025-08-11 14:40:51,960 - logger.py:50 - Epoch: [38] Target: [1] train MAE: 0.18020, val MAE: 0.16448, test MAE: 0.16914, Time: 399.77s
2025-08-11 14:40:51,960 - logger.py:50 - Best -- epoch=37, train MAE: 0.19289, val MAE: 0.14366, test MAE: 0.14709

2025-08-11 14:40:52,824 - logger.py:50 - Epoch: [39][0/859] 	 loss: 0.01641, MAE: 0.13422, time/step=862ms, lr=4.79e-04
2025-08-11 14:41:36,844 - logger.py:50 - Epoch: [39][100/859] 	 loss: 0.04525, MAE: 0.37000, time/step=444ms, lr=4.79e-04
2025-08-11 14:42:21,018 - logger.py:50 - Epoch: [39][200/859] 	 loss: 0.03480, MAE: 0.28458, time/step=443ms, lr=4.79e-04
2025-08-11 14:43:04,881 - logger.py:50 - Epoch: [39][300/859] 	 loss: 0.03114, MAE: 0.25461, time/step=442ms, lr=4.79e-04
2025-08-11 14:43:49,016 - logger.py:50 - Epoch: [39][400/859] 	 loss: 0.02896, MAE: 0.23686, time/step=442ms, lr=4.79e-04
2025-08-11 14:44:33,069 - logger.py:50 - Epoch: [39][500/859] 	 loss: 0.02745, MAE: 0.22449, time/step=441ms, lr=4.79e-04
2025-08-11 14:45:17,078 - logger.py:50 - Epoch: [39][600/859] 	 loss: 0.02637, MAE: 0.21566, time/step=441ms, lr=4.79e-04
2025-08-11 14:46:00,984 - logger.py:50 - Epoch: [39][700/859] 	 loss: 0.02571, MAE: 0.21023, time/step=441ms, lr=4.79e-04
2025-08-11 14:46:44,983 - logger.py:50 - Epoch: [39][800/859] 	 loss: 0.02518, MAE: 0.20594, time/step=441ms, lr=4.79e-04
2025-08-11 14:47:10,361 - logger.py:50 - Epoch: [39][858/859] 	 loss: 0.02511, MAE: 0.20536, time/step=441ms, lr=4.79e-04
2025-08-11 14:47:31,893 - logger.py:50 - Epoch: [39] Target: [1] train MAE: 0.20536, val MAE: 0.23189, test MAE: 0.22568, Time: 399.93s
2025-08-11 14:47:31,893 - logger.py:50 - Best -- epoch=37, train MAE: 0.19289, val MAE: 0.14366, test MAE: 0.14709

2025-08-11 14:47:32,766 - logger.py:50 - Epoch: [40][0/859] 	 loss: 0.02788, MAE: 0.22801, time/step=870ms, lr=4.78e-04
2025-08-11 14:48:16,869 - logger.py:50 - Epoch: [40][100/859] 	 loss: 0.02091, MAE: 0.17102, time/step=445ms, lr=4.78e-04
2025-08-11 14:49:00,894 - logger.py:50 - Epoch: [40][200/859] 	 loss: 0.02057, MAE: 0.16822, time/step=443ms, lr=4.78e-04
2025-08-11 14:49:44,595 - logger.py:50 - Epoch: [40][300/859] 	 loss: 0.02124, MAE: 0.17371, time/step=441ms, lr=4.78e-04
2025-08-11 14:50:28,703 - logger.py:50 - Epoch: [40][400/859] 	 loss: 0.02102, MAE: 0.17186, time/step=441ms, lr=4.78e-04
2025-08-11 14:51:12,645 - logger.py:50 - Epoch: [40][500/859] 	 loss: 0.02095, MAE: 0.17130, time/step=441ms, lr=4.78e-04
2025-08-11 14:51:56,589 - logger.py:50 - Epoch: [40][600/859] 	 loss: 0.02085, MAE: 0.17052, time/step=440ms, lr=4.78e-04
2025-08-11 14:52:40,651 - logger.py:50 - Epoch: [40][700/859] 	 loss: 0.02092, MAE: 0.17108, time/step=440ms, lr=4.78e-04
2025-08-11 14:53:24,763 - logger.py:50 - Epoch: [40][800/859] 	 loss: 0.02082, MAE: 0.17029, time/step=441ms, lr=4.78e-04
2025-08-11 14:53:50,256 - logger.py:50 - Epoch: [40][858/859] 	 loss: 0.02098, MAE: 0.17153, time/step=440ms, lr=4.78e-04
2025-08-11 14:54:11,773 - logger.py:50 - Epoch: [40] Target: [1] train MAE: 0.17153, val MAE: 0.21186, test MAE: 0.21271, Time: 399.88s
2025-08-11 14:54:11,773 - logger.py:50 - Best -- epoch=37, train MAE: 0.19289, val MAE: 0.14366, test MAE: 0.14709

2025-08-11 14:54:12,624 - logger.py:50 - Epoch: [41][0/859] 	 loss: 0.02711, MAE: 0.22171, time/step=849ms, lr=4.77e-04
2025-08-11 14:54:56,591 - logger.py:50 - Epoch: [41][100/859] 	 loss: 0.02307, MAE: 0.18863, time/step=444ms, lr=4.77e-04
2025-08-11 14:55:40,531 - logger.py:50 - Epoch: [41][200/859] 	 loss: 0.02380, MAE: 0.19461, time/step=442ms, lr=4.77e-04
2025-08-11 14:56:24,763 - logger.py:50 - Epoch: [41][300/859] 	 loss: 0.02428, MAE: 0.19857, time/step=442ms, lr=4.77e-04
2025-08-11 14:57:09,036 - logger.py:50 - Epoch: [41][400/859] 	 loss: 0.02371, MAE: 0.19386, time/step=442ms, lr=4.77e-04
2025-08-11 14:57:53,248 - logger.py:50 - Epoch: [41][500/859] 	 loss: 0.02474, MAE: 0.20233, time/step=442ms, lr=4.77e-04
2025-08-11 14:58:37,706 - logger.py:50 - Epoch: [41][600/859] 	 loss: 0.02464, MAE: 0.20151, time/step=442ms, lr=4.77e-04
2025-08-11 14:59:22,122 - logger.py:50 - Epoch: [41][700/859] 	 loss: 0.02416, MAE: 0.19761, time/step=443ms, lr=4.77e-04
2025-08-11 15:00:06,613 - logger.py:50 - Epoch: [41][800/859] 	 loss: 0.02363, MAE: 0.19325, time/step=443ms, lr=4.77e-04
2025-08-11 15:00:32,314 - logger.py:50 - Epoch: [41][858/859] 	 loss: 0.02366, MAE: 0.19345, time/step=443ms, lr=4.77e-04
2025-08-11 15:00:54,027 - logger.py:50 - Epoch: [41] Target: [1] train MAE: 0.19345, val MAE: 0.15185, test MAE: 0.16102, Time: 402.25s
2025-08-11 15:00:54,027 - logger.py:50 - Best -- epoch=37, train MAE: 0.19289, val MAE: 0.14366, test MAE: 0.14709

2025-08-11 15:00:54,839 - logger.py:50 - Epoch: [42][0/859] 	 loss: 0.02193, MAE: 0.17934, time/step=810ms, lr=4.76e-04
2025-08-11 15:01:39,134 - logger.py:50 - Epoch: [42][100/859] 	 loss: 0.02057, MAE: 0.16821, time/step=447ms, lr=4.76e-04
2025-08-11 15:02:23,519 - logger.py:50 - Epoch: [42][200/859] 	 loss: 0.02042, MAE: 0.16702, time/step=445ms, lr=4.76e-04
2025-08-11 15:03:07,930 - logger.py:50 - Epoch: [42][300/859] 	 loss: 0.02067, MAE: 0.16904, time/step=445ms, lr=4.76e-04
2025-08-11 15:03:52,037 - logger.py:50 - Epoch: [42][400/859] 	 loss: 0.02096, MAE: 0.17137, time/step=444ms, lr=4.76e-04
2025-08-11 15:04:36,288 - logger.py:50 - Epoch: [42][500/859] 	 loss: 0.02083, MAE: 0.17031, time/step=444ms, lr=4.76e-04
2025-08-11 15:05:20,547 - logger.py:50 - Epoch: [42][600/859] 	 loss: 0.02094, MAE: 0.17121, time/step=443ms, lr=4.76e-04
2025-08-11 15:06:04,873 - logger.py:50 - Epoch: [42][700/859] 	 loss: 0.02089, MAE: 0.17086, time/step=443ms, lr=4.76e-04
2025-08-11 15:06:49,150 - logger.py:50 - Epoch: [42][800/859] 	 loss: 0.02088, MAE: 0.17077, time/step=443ms, lr=4.76e-04
2025-08-11 15:07:15,006 - logger.py:50 - Epoch: [42][858/859] 	 loss: 0.02100, MAE: 0.17173, time/step=444ms, lr=4.76e-04
2025-08-11 15:07:36,666 - logger.py:50 - Epoch: [42] Target: [1] train MAE: 0.17173, val MAE: 0.15757, test MAE: 0.16378, Time: 402.64s
2025-08-11 15:07:36,666 - logger.py:50 - Best -- epoch=37, train MAE: 0.19289, val MAE: 0.14366, test MAE: 0.14709

2025-08-11 15:07:37,507 - logger.py:50 - Epoch: [43][0/859] 	 loss: 0.01928, MAE: 0.15764, time/step=839ms, lr=4.75e-04
2025-08-11 15:08:21,888 - logger.py:50 - Epoch: [43][100/859] 	 loss: 0.02131, MAE: 0.17425, time/step=448ms, lr=4.75e-04
2025-08-11 15:09:06,160 - logger.py:50 - Epoch: [43][200/859] 	 loss: 0.02036, MAE: 0.16653, time/step=445ms, lr=4.75e-04
2025-08-11 15:09:50,471 - logger.py:50 - Epoch: [43][300/859] 	 loss: 0.02026, MAE: 0.16572, time/step=445ms, lr=4.75e-04
2025-08-11 15:10:34,817 - logger.py:50 - Epoch: [43][400/859] 	 loss: 0.02013, MAE: 0.16458, time/step=444ms, lr=4.75e-04
2025-08-11 15:11:19,055 - logger.py:50 - Epoch: [43][500/859] 	 loss: 0.02044, MAE: 0.16718, time/step=444ms, lr=4.75e-04
2025-08-11 15:12:03,206 - logger.py:50 - Epoch: [43][600/859] 	 loss: 0.02048, MAE: 0.16747, time/step=443ms, lr=4.75e-04
2025-08-11 15:12:47,416 - logger.py:50 - Epoch: [43][700/859] 	 loss: 0.02030, MAE: 0.16598, time/step=443ms, lr=4.75e-04
2025-08-11 15:13:31,619 - logger.py:50 - Epoch: [43][800/859] 	 loss: 0.02056, MAE: 0.16812, time/step=443ms, lr=4.75e-04
2025-08-11 15:13:57,288 - logger.py:50 - Epoch: [43][858/859] 	 loss: 0.02065, MAE: 0.16887, time/step=443ms, lr=4.75e-04
2025-08-11 15:14:18,964 - logger.py:50 - Epoch: [43] Target: [1] train MAE: 0.16887, val MAE: 0.18113, test MAE: 0.18403, Time: 402.30s
2025-08-11 15:14:18,964 - logger.py:50 - Best -- epoch=37, train MAE: 0.19289, val MAE: 0.14366, test MAE: 0.14709

2025-08-11 15:14:19,820 - logger.py:50 - Epoch: [44][0/859] 	 loss: 0.02057, MAE: 0.16818, time/step=854ms, lr=4.74e-04
2025-08-11 15:15:03,871 - logger.py:50 - Epoch: [44][100/859] 	 loss: 0.02185, MAE: 0.17871, time/step=445ms, lr=4.74e-04
2025-08-11 15:15:48,257 - logger.py:50 - Epoch: [44][200/859] 	 loss: 0.02191, MAE: 0.17913, time/step=444ms, lr=4.74e-04
2025-08-11 15:16:32,617 - logger.py:50 - Epoch: [44][300/859] 	 loss: 0.02087, MAE: 0.17065, time/step=444ms, lr=4.74e-04
2025-08-11 15:17:16,912 - logger.py:50 - Epoch: [44][400/859] 	 loss: 0.02073, MAE: 0.16951, time/step=444ms, lr=4.74e-04
2025-08-11 15:18:01,101 - logger.py:50 - Epoch: [44][500/859] 	 loss: 0.02058, MAE: 0.16829, time/step=443ms, lr=4.74e-04
2025-08-11 15:18:45,179 - logger.py:50 - Epoch: [44][600/859] 	 loss: 0.02043, MAE: 0.16707, time/step=443ms, lr=4.74e-04
2025-08-11 15:19:29,286 - logger.py:50 - Epoch: [44][700/859] 	 loss: 0.02421, MAE: 0.19795, time/step=443ms, lr=4.74e-04
2025-08-11 15:20:13,387 - logger.py:50 - Epoch: [44][800/859] 	 loss: 0.02395, MAE: 0.19584, time/step=442ms, lr=4.74e-04
2025-08-11 15:20:39,070 - logger.py:50 - Epoch: [44][858/859] 	 loss: 0.02368, MAE: 0.19364, time/step=442ms, lr=4.74e-04
2025-08-11 15:21:00,659 - logger.py:50 - Epoch: [44] Target: [1] train MAE: 0.19364, val MAE: 0.24413, test MAE: 0.24775, Time: 401.70s
2025-08-11 15:21:00,659 - logger.py:50 - Best -- epoch=37, train MAE: 0.19289, val MAE: 0.14366, test MAE: 0.14709

2025-08-11 15:21:01,486 - logger.py:50 - Epoch: [45][0/859] 	 loss: 0.02877, MAE: 0.23524, time/step=825ms, lr=4.73e-04
2025-08-11 15:21:45,579 - logger.py:50 - Epoch: [45][100/859] 	 loss: 0.01891, MAE: 0.15461, time/step=445ms, lr=4.73e-04
2025-08-11 15:22:29,571 - logger.py:50 - Epoch: [45][200/859] 	 loss: 0.01925, MAE: 0.15742, time/step=442ms, lr=4.73e-04
2025-08-11 15:23:13,693 - logger.py:50 - Epoch: [45][300/859] 	 loss: 0.01955, MAE: 0.15989, time/step=442ms, lr=4.73e-04
2025-08-11 15:23:57,770 - logger.py:50 - Epoch: [45][400/859] 	 loss: 0.01963, MAE: 0.16054, time/step=442ms, lr=4.73e-04
2025-08-11 15:24:41,899 - logger.py:50 - Epoch: [45][500/859] 	 loss: 0.01963, MAE: 0.16051, time/step=442ms, lr=4.73e-04
2025-08-11 15:25:25,962 - logger.py:50 - Epoch: [45][600/859] 	 loss: 0.01958, MAE: 0.16010, time/step=441ms, lr=4.73e-04
2025-08-11 15:26:10,262 - logger.py:50 - Epoch: [45][700/859] 	 loss: 0.01960, MAE: 0.16031, time/step=442ms, lr=4.73e-04
2025-08-11 15:26:54,249 - logger.py:50 - Epoch: [45][800/859] 	 loss: 0.01959, MAE: 0.16019, time/step=441ms, lr=4.73e-04
2025-08-11 15:27:19,873 - logger.py:50 - Epoch: [45][858/859] 	 loss: 0.01953, MAE: 0.15970, time/step=441ms, lr=4.73e-04
2025-08-11 15:27:41,439 - logger.py:50 - Epoch: [45] Target: [1] train MAE: 0.15970, val MAE: 0.15902, test MAE: 0.16430, Time: 400.78s
2025-08-11 15:27:41,439 - logger.py:50 - Best -- epoch=37, train MAE: 0.19289, val MAE: 0.14366, test MAE: 0.14709

2025-08-11 15:27:42,302 - logger.py:50 - Epoch: [46][0/859] 	 loss: 0.01744, MAE: 0.14266, time/step=860ms, lr=4.72e-04
2025-08-11 15:28:26,474 - logger.py:50 - Epoch: [46][100/859] 	 loss: 0.01856, MAE: 0.15180, time/step=446ms, lr=4.72e-04
2025-08-11 15:29:10,662 - logger.py:50 - Epoch: [46][200/859] 	 loss: 0.01944, MAE: 0.15896, time/step=444ms, lr=4.72e-04
2025-08-11 15:29:54,650 - logger.py:50 - Epoch: [46][300/859] 	 loss: 0.02052, MAE: 0.16783, time/step=443ms, lr=4.72e-04
2025-08-11 15:30:38,929 - logger.py:50 - Epoch: [46][400/859] 	 loss: 0.02003, MAE: 0.16377, time/step=443ms, lr=4.72e-04
2025-08-11 15:31:23,280 - logger.py:50 - Epoch: [46][500/859] 	 loss: 0.01991, MAE: 0.16278, time/step=443ms, lr=4.72e-04
2025-08-11 15:32:07,482 - logger.py:50 - Epoch: [46][600/859] 	 loss: 0.01961, MAE: 0.16037, time/step=443ms, lr=4.72e-04
2025-08-11 15:32:51,567 - logger.py:50 - Epoch: [46][700/859] 	 loss: 0.01969, MAE: 0.16106, time/step=442ms, lr=4.72e-04
2025-08-11 15:33:35,670 - logger.py:50 - Epoch: [46][800/859] 	 loss: 0.02004, MAE: 0.16388, time/step=442ms, lr=4.72e-04
2025-08-11 15:34:01,141 - logger.py:50 - Epoch: [46][858/859] 	 loss: 0.02003, MAE: 0.16377, time/step=442ms, lr=4.72e-04
2025-08-11 15:34:22,794 - logger.py:50 - Epoch: [46] Target: [1] train MAE: 0.16377, val MAE: 0.14747, test MAE: 0.15085, Time: 401.35s
2025-08-11 15:34:22,794 - logger.py:50 - Best -- epoch=37, train MAE: 0.19289, val MAE: 0.14366, test MAE: 0.14709

2025-08-11 15:34:23,695 - logger.py:50 - Epoch: [47][0/859] 	 loss: 0.01891, MAE: 0.15464, time/step=899ms, lr=4.70e-04
2025-08-11 15:35:08,006 - logger.py:50 - Epoch: [47][100/859] 	 loss: 0.01850, MAE: 0.15126, time/step=448ms, lr=4.70e-04
2025-08-11 15:35:52,517 - logger.py:50 - Epoch: [47][200/859] 	 loss: 0.03140, MAE: 0.25680, time/step=446ms, lr=4.70e-04
2025-08-11 15:36:36,794 - logger.py:50 - Epoch: [47][300/859] 	 loss: 0.02728, MAE: 0.22308, time/step=445ms, lr=4.70e-04
2025-08-11 15:37:21,053 - logger.py:50 - Epoch: [47][400/859] 	 loss: 0.02508, MAE: 0.20513, time/step=445ms, lr=4.70e-04
2025-08-11 15:38:05,391 - logger.py:50 - Epoch: [47][500/859] 	 loss: 0.02381, MAE: 0.19473, time/step=444ms, lr=4.70e-04
2025-08-11 15:38:49,825 - logger.py:50 - Epoch: [47][600/859] 	 loss: 0.02268, MAE: 0.18549, time/step=444ms, lr=4.70e-04
2025-08-11 15:39:34,249 - logger.py:50 - Epoch: [47][700/859] 	 loss: 0.02222, MAE: 0.18170, time/step=444ms, lr=4.70e-04
2025-08-11 15:40:18,400 - logger.py:50 - Epoch: [47][800/859] 	 loss: 0.02188, MAE: 0.17894, time/step=444ms, lr=4.70e-04
2025-08-11 15:40:44,098 - logger.py:50 - Epoch: [47][858/859] 	 loss: 0.02164, MAE: 0.17698, time/step=444ms, lr=4.70e-04
2025-08-11 15:41:05,789 - logger.py:50 - Epoch: [47] Target: [1] train MAE: 0.17698, val MAE: 0.14153, test MAE: 0.14476, Time: 403.00s
2025-08-11 15:41:05,789 - logger.py:50 - Best -- epoch=47, train MAE: 0.17698, val MAE: 0.14153, test MAE: 0.14476

2025-08-11 15:41:06,667 - logger.py:50 - Epoch: [48][0/859] 	 loss: 0.01694, MAE: 0.13852, time/step=875ms, lr=4.69e-04
2025-08-11 15:41:50,921 - logger.py:50 - Epoch: [48][100/859] 	 loss: 0.01841, MAE: 0.15055, time/step=447ms, lr=4.69e-04
2025-08-11 15:42:35,180 - logger.py:50 - Epoch: [48][200/859] 	 loss: 0.01832, MAE: 0.14979, time/step=445ms, lr=4.69e-04
2025-08-11 15:43:19,535 - logger.py:50 - Epoch: [48][300/859] 	 loss: 0.01857, MAE: 0.15185, time/step=444ms, lr=4.69e-04
2025-08-11 15:44:03,666 - logger.py:50 - Epoch: [48][400/859] 	 loss: 0.01870, MAE: 0.15288, time/step=444ms, lr=4.69e-04
2025-08-11 15:44:48,065 - logger.py:50 - Epoch: [48][500/859] 	 loss: 0.01856, MAE: 0.15179, time/step=444ms, lr=4.69e-04
2025-08-11 15:45:32,377 - logger.py:50 - Epoch: [48][600/859] 	 loss: 0.01862, MAE: 0.15230, time/step=444ms, lr=4.69e-04
2025-08-11 15:46:16,778 - logger.py:50 - Epoch: [48][700/859] 	 loss: 0.01863, MAE: 0.15235, time/step=444ms, lr=4.69e-04
2025-08-11 15:47:01,124 - logger.py:50 - Epoch: [48][800/859] 	 loss: 0.01872, MAE: 0.15310, time/step=444ms, lr=4.69e-04
2025-08-11 15:47:26,720 - logger.py:50 - Epoch: [48][858/859] 	 loss: 0.01881, MAE: 0.15381, time/step=443ms, lr=4.69e-04
2025-08-11 15:47:48,396 - logger.py:50 - Epoch: [48] Target: [1] train MAE: 0.15381, val MAE: 0.13552, test MAE: 0.13967, Time: 402.61s
2025-08-11 15:47:48,396 - logger.py:50 - Best -- epoch=48, train MAE: 0.15381, val MAE: 0.13552, test MAE: 0.13967

2025-08-11 15:47:49,265 - logger.py:50 - Epoch: [49][0/859] 	 loss: 0.01626, MAE: 0.13296, time/step=867ms, lr=4.68e-04
2025-08-11 15:48:33,629 - logger.py:50 - Epoch: [49][100/859] 	 loss: 0.01997, MAE: 0.16329, time/step=448ms, lr=4.68e-04
2025-08-11 15:49:17,718 - logger.py:50 - Epoch: [49][200/859] 	 loss: 0.01907, MAE: 0.15596, time/step=444ms, lr=4.68e-04
2025-08-11 15:50:02,200 - logger.py:50 - Epoch: [49][300/859] 	 loss: 0.01915, MAE: 0.15659, time/step=445ms, lr=4.68e-04
2025-08-11 15:50:46,348 - logger.py:50 - Epoch: [49][400/859] 	 loss: 0.01908, MAE: 0.15602, time/step=444ms, lr=4.68e-04
2025-08-11 15:51:30,528 - logger.py:50 - Epoch: [49][500/859] 	 loss: 0.01904, MAE: 0.15566, time/step=443ms, lr=4.68e-04
2025-08-11 15:52:14,730 - logger.py:50 - Epoch: [49][600/859] 	 loss: 0.01896, MAE: 0.15506, time/step=443ms, lr=4.68e-04
2025-08-11 15:52:58,745 - logger.py:50 - Epoch: [49][700/859] 	 loss: 0.01904, MAE: 0.15573, time/step=443ms, lr=4.68e-04
2025-08-11 15:53:42,839 - logger.py:50 - Epoch: [49][800/859] 	 loss: 0.01896, MAE: 0.15508, time/step=442ms, lr=4.68e-04
2025-08-11 15:54:08,322 - logger.py:50 - Epoch: [49][858/859] 	 loss: 0.01897, MAE: 0.15511, time/step=442ms, lr=4.68e-04
2025-08-11 15:54:29,844 - logger.py:50 - Epoch: [49] Target: [1] train MAE: 0.15511, val MAE: 0.14880, test MAE: 0.15311, Time: 401.45s
2025-08-11 15:54:29,844 - logger.py:50 - Best -- epoch=48, train MAE: 0.15381, val MAE: 0.13552, test MAE: 0.13967

2025-08-11 15:54:30,684 - logger.py:50 - Epoch: [50][0/859] 	 loss: 0.01747, MAE: 0.14284, time/step=837ms, lr=4.67e-04
2025-08-11 15:55:14,737 - logger.py:50 - Epoch: [50][100/859] 	 loss: 0.02022, MAE: 0.16534, time/step=444ms, lr=4.67e-04
2025-08-11 15:55:58,579 - logger.py:50 - Epoch: [50][200/859] 	 loss: 0.01961, MAE: 0.16033, time/step=441ms, lr=4.67e-04
2025-08-11 15:56:42,581 - logger.py:50 - Epoch: [50][300/859] 	 loss: 0.01917, MAE: 0.15675, time/step=441ms, lr=4.67e-04
2025-08-11 15:57:26,434 - logger.py:50 - Epoch: [50][400/859] 	 loss: 0.01913, MAE: 0.15648, time/step=440ms, lr=4.67e-04
2025-08-11 15:58:10,712 - logger.py:50 - Epoch: [50][500/859] 	 loss: 0.01883, MAE: 0.15400, time/step=441ms, lr=4.67e-04
2025-08-11 15:58:54,975 - logger.py:50 - Epoch: [50][600/859] 	 loss: 0.01906, MAE: 0.15590, time/step=441ms, lr=4.67e-04
2025-08-11 15:59:39,371 - logger.py:50 - Epoch: [50][700/859] 	 loss: 0.01893, MAE: 0.15484, time/step=442ms, lr=4.67e-04
2025-08-11 16:00:24,476 - logger.py:50 - Epoch: [50][800/859] 	 loss: 0.01887, MAE: 0.15434, time/step=443ms, lr=4.67e-04
2025-08-11 16:00:50,293 - logger.py:50 - Epoch: [50][858/859] 	 loss: 0.01875, MAE: 0.15332, time/step=443ms, lr=4.67e-04
2025-08-11 16:01:12,056 - logger.py:50 - Epoch: [50] Target: [1] train MAE: 0.15332, val MAE: 0.14395, test MAE: 0.14833, Time: 402.21s
2025-08-11 16:01:12,056 - logger.py:50 - Best -- epoch=48, train MAE: 0.15381, val MAE: 0.13552, test MAE: 0.13967

2025-08-11 16:01:12,879 - logger.py:50 - Epoch: [51][0/859] 	 loss: 0.01919, MAE: 0.15691, time/step=821ms, lr=4.65e-04
2025-08-11 16:01:57,275 - logger.py:50 - Epoch: [51][100/859] 	 loss: 0.01828, MAE: 0.14945, time/step=448ms, lr=4.65e-04
2025-08-11 16:02:41,863 - logger.py:50 - Epoch: [51][200/859] 	 loss: 0.01808, MAE: 0.14785, time/step=447ms, lr=4.65e-04
2025-08-11 16:03:26,343 - logger.py:50 - Epoch: [51][300/859] 	 loss: 0.01812, MAE: 0.14815, time/step=446ms, lr=4.65e-04
2025-08-11 16:04:10,679 - logger.py:50 - Epoch: [51][400/859] 	 loss: 0.01846, MAE: 0.15097, time/step=445ms, lr=4.65e-04
2025-08-11 16:04:55,089 - logger.py:50 - Epoch: [51][500/859] 	 loss: 0.01826, MAE: 0.14933, time/step=445ms, lr=4.65e-04
2025-08-11 16:05:39,511 - logger.py:50 - Epoch: [51][600/859] 	 loss: 0.01822, MAE: 0.14902, time/step=445ms, lr=4.65e-04
2025-08-11 16:06:23,637 - logger.py:50 - Epoch: [51][700/859] 	 loss: 0.01827, MAE: 0.14937, time/step=444ms, lr=4.65e-04
2025-08-11 16:07:08,003 - logger.py:50 - Epoch: [51][800/859] 	 loss: 0.01841, MAE: 0.15052, time/step=444ms, lr=4.65e-04
2025-08-11 16:07:33,636 - logger.py:50 - Epoch: [51][858/859] 	 loss: 0.01840, MAE: 0.15051, time/step=444ms, lr=4.65e-04
2025-08-11 16:07:55,345 - logger.py:50 - Epoch: [51] Target: [1] train MAE: 0.15051, val MAE: 0.15085, test MAE: 0.15992, Time: 403.29s
2025-08-11 16:07:55,346 - logger.py:50 - Best -- epoch=48, train MAE: 0.15381, val MAE: 0.13552, test MAE: 0.13967

2025-08-11 16:07:56,185 - logger.py:50 - Epoch: [52][0/859] 	 loss: 0.02150, MAE: 0.17579, time/step=837ms, lr=4.64e-04
2025-08-11 16:08:40,425 - logger.py:50 - Epoch: [52][100/859] 	 loss: 0.02109, MAE: 0.17248, time/step=446ms, lr=4.64e-04
2025-08-11 16:09:24,851 - logger.py:50 - Epoch: [52][200/859] 	 loss: 0.01968, MAE: 0.16096, time/step=445ms, lr=4.64e-04
2025-08-11 16:10:09,006 - logger.py:50 - Epoch: [52][300/859] 	 loss: 0.02575, MAE: 0.21060, time/step=444ms, lr=4.64e-04
2025-08-11 16:10:53,131 - logger.py:50 - Epoch: [52][400/859] 	 loss: 0.02467, MAE: 0.20176, time/step=443ms, lr=4.64e-04
2025-08-11 16:11:37,251 - logger.py:50 - Epoch: [52][500/859] 	 loss: 0.02365, MAE: 0.19336, time/step=443ms, lr=4.64e-04
2025-08-11 16:12:21,524 - logger.py:50 - Epoch: [52][600/859] 	 loss: 0.02257, MAE: 0.18456, time/step=443ms, lr=4.64e-04
2025-08-11 16:13:05,775 - logger.py:50 - Epoch: [52][700/859] 	 loss: 0.02198, MAE: 0.17971, time/step=443ms, lr=4.64e-04
2025-08-11 16:13:50,244 - logger.py:50 - Epoch: [52][800/859] 	 loss: 0.02146, MAE: 0.17552, time/step=443ms, lr=4.64e-04
2025-08-11 16:14:16,072 - logger.py:50 - Epoch: [52][858/859] 	 loss: 0.02119, MAE: 0.17332, time/step=443ms, lr=4.64e-04
2025-08-11 16:14:37,808 - logger.py:50 - Epoch: [52] Target: [1] train MAE: 0.17332, val MAE: 0.12594, test MAE: 0.13178, Time: 402.46s
2025-08-11 16:14:37,808 - logger.py:50 - Best -- epoch=52, train MAE: 0.17332, val MAE: 0.12594, test MAE: 0.13178

2025-08-11 16:14:38,638 - logger.py:50 - Epoch: [53][0/859] 	 loss: 0.01378, MAE: 0.11271, time/step=828ms, lr=4.63e-04
2025-08-11 16:15:23,121 - logger.py:50 - Epoch: [53][100/859] 	 loss: 0.01694, MAE: 0.13856, time/step=449ms, lr=4.63e-04
2025-08-11 16:16:07,590 - logger.py:50 - Epoch: [53][200/859] 	 loss: 0.01692, MAE: 0.13839, time/step=447ms, lr=4.63e-04
2025-08-11 16:16:51,818 - logger.py:50 - Epoch: [53][300/859] 	 loss: 0.01706, MAE: 0.13953, time/step=445ms, lr=4.63e-04
2025-08-11 16:17:36,165 - logger.py:50 - Epoch: [53][400/859] 	 loss: 0.01687, MAE: 0.13799, time/step=445ms, lr=4.63e-04
2025-08-11 16:18:20,617 - logger.py:50 - Epoch: [53][500/859] 	 loss: 0.01695, MAE: 0.13862, time/step=445ms, lr=4.63e-04
2025-08-11 16:19:04,958 - logger.py:50 - Epoch: [53][600/859] 	 loss: 0.01721, MAE: 0.14073, time/step=445ms, lr=4.63e-04
2025-08-11 16:19:49,334 - logger.py:50 - Epoch: [53][700/859] 	 loss: 0.01743, MAE: 0.14255, time/step=444ms, lr=4.63e-04
2025-08-11 16:20:33,591 - logger.py:50 - Epoch: [53][800/859] 	 loss: 0.01727, MAE: 0.14120, time/step=444ms, lr=4.63e-04
2025-08-11 16:20:59,274 - logger.py:50 - Epoch: [53][858/859] 	 loss: 0.01726, MAE: 0.14113, time/step=444ms, lr=4.63e-04
2025-08-11 16:21:21,008 - logger.py:50 - Epoch: [53] Target: [1] train MAE: 0.14113, val MAE: 0.11496, test MAE: 0.11685, Time: 403.20s
2025-08-11 16:21:21,008 - logger.py:50 - Best -- epoch=53, train MAE: 0.14113, val MAE: 0.11496, test MAE: 0.11685

2025-08-11 16:21:21,823 - logger.py:50 - Epoch: [54][0/859] 	 loss: 0.01367, MAE: 0.11183, time/step=813ms, lr=4.61e-04
2025-08-11 16:22:06,053 - logger.py:50 - Epoch: [54][100/859] 	 loss: 0.01893, MAE: 0.15478, time/step=446ms, lr=4.61e-04
2025-08-11 16:22:50,334 - logger.py:50 - Epoch: [54][200/859] 	 loss: 0.01853, MAE: 0.15151, time/step=444ms, lr=4.61e-04
2025-08-11 16:23:34,650 - logger.py:50 - Epoch: [54][300/859] 	 loss: 0.01894, MAE: 0.15489, time/step=444ms, lr=4.61e-04
2025-08-11 16:24:19,157 - logger.py:50 - Epoch: [54][400/859] 	 loss: 0.01831, MAE: 0.14970, time/step=444ms, lr=4.61e-04
2025-08-11 16:25:03,532 - logger.py:50 - Epoch: [54][500/859] 	 loss: 0.01806, MAE: 0.14769, time/step=444ms, lr=4.61e-04
2025-08-11 16:25:47,757 - logger.py:50 - Epoch: [54][600/859] 	 loss: 0.01785, MAE: 0.14596, time/step=444ms, lr=4.61e-04
2025-08-11 16:26:32,067 - logger.py:50 - Epoch: [54][700/859] 	 loss: 0.01794, MAE: 0.14667, time/step=444ms, lr=4.61e-04
2025-08-11 16:27:16,503 - logger.py:50 - Epoch: [54][800/859] 	 loss: 0.01779, MAE: 0.14545, time/step=444ms, lr=4.61e-04
2025-08-11 16:27:42,099 - logger.py:50 - Epoch: [54][858/859] 	 loss: 0.01775, MAE: 0.14514, time/step=444ms, lr=4.61e-04
2025-08-11 16:28:03,846 - logger.py:50 - Epoch: [54] Target: [1] train MAE: 0.14514, val MAE: 0.13046, test MAE: 0.13515, Time: 402.84s
2025-08-11 16:28:03,846 - logger.py:50 - Best -- epoch=53, train MAE: 0.14113, val MAE: 0.11496, test MAE: 0.11685

2025-08-11 16:28:04,720 - logger.py:50 - Epoch: [55][0/859] 	 loss: 0.01615, MAE: 0.13206, time/step=872ms, lr=4.60e-04
2025-08-11 16:28:49,196 - logger.py:50 - Epoch: [55][100/859] 	 loss: 0.01805, MAE: 0.14760, time/step=449ms, lr=4.60e-04
2025-08-11 16:29:33,355 - logger.py:50 - Epoch: [55][200/859] 	 loss: 0.01886, MAE: 0.15424, time/step=445ms, lr=4.60e-04
2025-08-11 16:30:17,720 - logger.py:50 - Epoch: [55][300/859] 	 loss: 0.01855, MAE: 0.15170, time/step=445ms, lr=4.60e-04
2025-08-11 16:31:02,078 - logger.py:50 - Epoch: [55][400/859] 	 loss: 0.01818, MAE: 0.14871, time/step=444ms, lr=4.60e-04
2025-08-11 16:31:46,340 - logger.py:50 - Epoch: [55][500/859] 	 loss: 0.01922, MAE: 0.15717, time/step=444ms, lr=4.60e-04
2025-08-11 16:32:30,761 - logger.py:50 - Epoch: [55][600/859] 	 loss: 0.01898, MAE: 0.15524, time/step=444ms, lr=4.60e-04
2025-08-11 16:33:15,200 - logger.py:50 - Epoch: [55][700/859] 	 loss: 0.01863, MAE: 0.15238, time/step=444ms, lr=4.60e-04
2025-08-11 16:33:59,248 - logger.py:50 - Epoch: [55][800/859] 	 loss: 0.01844, MAE: 0.15077, time/step=444ms, lr=4.60e-04
2025-08-11 16:34:24,762 - logger.py:50 - Epoch: [55][858/859] 	 loss: 0.01834, MAE: 0.15001, time/step=443ms, lr=4.60e-04
2025-08-11 16:34:46,313 - logger.py:50 - Epoch: [55] Target: [1] train MAE: 0.15001, val MAE: 0.17863, test MAE: 0.18188, Time: 402.47s
2025-08-11 16:34:46,313 - logger.py:50 - Best -- epoch=53, train MAE: 0.14113, val MAE: 0.11496, test MAE: 0.11685

2025-08-11 16:34:47,130 - logger.py:50 - Epoch: [56][0/859] 	 loss: 0.01863, MAE: 0.15239, time/step=815ms, lr=4.58e-04
2025-08-11 16:35:31,184 - logger.py:50 - Epoch: [56][100/859] 	 loss: 0.01680, MAE: 0.13740, time/step=444ms, lr=4.58e-04
2025-08-11 16:36:15,222 - logger.py:50 - Epoch: [56][200/859] 	 loss: 0.01629, MAE: 0.13325, time/step=442ms, lr=4.58e-04
2025-08-11 16:36:59,329 - logger.py:50 - Epoch: [56][300/859] 	 loss: 0.01674, MAE: 0.13691, time/step=442ms, lr=4.58e-04
2025-08-11 16:37:43,297 - logger.py:50 - Epoch: [56][400/859] 	 loss: 0.01675, MAE: 0.13696, time/step=441ms, lr=4.58e-04
2025-08-11 16:38:27,298 - logger.py:50 - Epoch: [56][500/859] 	 loss: 0.01670, MAE: 0.13660, time/step=441ms, lr=4.58e-04
2025-08-11 16:39:11,302 - logger.py:50 - Epoch: [56][600/859] 	 loss: 0.01677, MAE: 0.13711, time/step=441ms, lr=4.58e-04
2025-08-11 16:39:55,536 - logger.py:50 - Epoch: [56][700/859] 	 loss: 0.01691, MAE: 0.13831, time/step=441ms, lr=4.58e-04
2025-08-11 16:40:39,822 - logger.py:50 - Epoch: [56][800/859] 	 loss: 0.01700, MAE: 0.13905, time/step=441ms, lr=4.58e-04
2025-08-11 16:41:05,729 - logger.py:50 - Epoch: [56][858/859] 	 loss: 0.01712, MAE: 0.13999, time/step=442ms, lr=4.58e-04
2025-08-11 16:41:27,484 - logger.py:50 - Epoch: [56] Target: [1] train MAE: 0.13999, val MAE: 0.15606, test MAE: 0.15776, Time: 401.17s
2025-08-11 16:41:27,484 - logger.py:50 - Best -- epoch=53, train MAE: 0.14113, val MAE: 0.11496, test MAE: 0.11685

2025-08-11 16:41:28,338 - logger.py:50 - Epoch: [57][0/859] 	 loss: 0.01855, MAE: 0.15167, time/step=853ms, lr=4.57e-04
2025-08-11 16:42:12,799 - logger.py:50 - Epoch: [57][100/859] 	 loss: 0.01750, MAE: 0.14311, time/step=449ms, lr=4.57e-04
2025-08-11 16:42:57,200 - logger.py:50 - Epoch: [57][200/859] 	 loss: 0.01706, MAE: 0.13953, time/step=446ms, lr=4.57e-04
2025-08-11 16:43:41,398 - logger.py:50 - Epoch: [57][300/859] 	 loss: 0.01712, MAE: 0.14001, time/step=445ms, lr=4.57e-04
2025-08-11 16:44:25,573 - logger.py:50 - Epoch: [57][400/859] 	 loss: 0.01733, MAE: 0.14175, time/step=444ms, lr=4.57e-04
2025-08-11 16:45:09,852 - logger.py:50 - Epoch: [57][500/859] 	 loss: 0.01740, MAE: 0.14228, time/step=444ms, lr=4.57e-04
2025-08-11 16:45:54,178 - logger.py:50 - Epoch: [57][600/859] 	 loss: 0.01742, MAE: 0.14249, time/step=444ms, lr=4.57e-04
2025-08-11 16:46:38,614 - logger.py:50 - Epoch: [57][700/859] 	 loss: 0.01732, MAE: 0.14160, time/step=444ms, lr=4.57e-04
2025-08-11 16:47:23,149 - logger.py:50 - Epoch: [57][800/859] 	 loss: 0.01717, MAE: 0.14041, time/step=444ms, lr=4.57e-04
2025-08-11 16:47:49,015 - logger.py:50 - Epoch: [57][858/859] 	 loss: 0.01709, MAE: 0.13975, time/step=444ms, lr=4.57e-04
2025-08-11 16:48:10,710 - logger.py:50 - Epoch: [57] Target: [1] train MAE: 0.13975, val MAE: 0.12895, test MAE: 0.13402, Time: 403.23s
2025-08-11 16:48:10,710 - logger.py:50 - Best -- epoch=53, train MAE: 0.14113, val MAE: 0.11496, test MAE: 0.11685

2025-08-11 16:48:11,561 - logger.py:50 - Epoch: [58][0/859] 	 loss: 0.01662, MAE: 0.13591, time/step=848ms, lr=4.55e-04
2025-08-11 16:48:56,014 - logger.py:50 - Epoch: [58][100/859] 	 loss: 0.01750, MAE: 0.14308, time/step=449ms, lr=4.55e-04
2025-08-11 16:49:40,174 - logger.py:50 - Epoch: [58][200/859] 	 loss: 0.01695, MAE: 0.13862, time/step=445ms, lr=4.55e-04
2025-08-11 16:50:24,128 - logger.py:50 - Epoch: [58][300/859] 	 loss: 0.02733, MAE: 0.22351, time/step=443ms, lr=4.55e-04
2025-08-11 16:51:08,225 - logger.py:50 - Epoch: [58][400/859] 	 loss: 0.02881, MAE: 0.23557, time/step=443ms, lr=4.55e-04
2025-08-11 16:51:52,591 - logger.py:50 - Epoch: [58][500/859] 	 loss: 0.02683, MAE: 0.21939, time/step=443ms, lr=4.55e-04
2025-08-11 16:52:36,730 - logger.py:50 - Epoch: [58][600/859] 	 loss: 0.02510, MAE: 0.20527, time/step=443ms, lr=4.55e-04
2025-08-11 16:53:21,213 - logger.py:50 - Epoch: [58][700/859] 	 loss: 0.02398, MAE: 0.19612, time/step=443ms, lr=4.55e-04
2025-08-11 16:54:05,737 - logger.py:50 - Epoch: [58][800/859] 	 loss: 0.02316, MAE: 0.18938, time/step=443ms, lr=4.55e-04
2025-08-11 16:54:31,398 - logger.py:50 - Epoch: [58][858/859] 	 loss: 0.02280, MAE: 0.18643, time/step=443ms, lr=4.55e-04
2025-08-11 16:54:53,183 - logger.py:50 - Epoch: [58] Target: [1] train MAE: 0.18643, val MAE: 0.11763, test MAE: 0.11845, Time: 402.47s
2025-08-11 16:54:53,183 - logger.py:50 - Best -- epoch=53, train MAE: 0.14113, val MAE: 0.11496, test MAE: 0.11685

2025-08-11 16:54:54,035 - logger.py:50 - Epoch: [59][0/859] 	 loss: 0.01311, MAE: 0.10718, time/step=850ms, lr=4.54e-04
2025-08-11 16:55:38,537 - logger.py:50 - Epoch: [59][100/859] 	 loss: 0.01546, MAE: 0.12644, time/step=449ms, lr=4.54e-04
2025-08-11 16:56:22,745 - logger.py:50 - Epoch: [59][200/859] 	 loss: 0.01576, MAE: 0.12889, time/step=446ms, lr=4.54e-04
2025-08-11 16:57:06,969 - logger.py:50 - Epoch: [59][300/859] 	 loss: 0.01624, MAE: 0.13278, time/step=444ms, lr=4.54e-04
2025-08-11 16:57:51,115 - logger.py:50 - Epoch: [59][400/859] 	 loss: 0.01651, MAE: 0.13504, time/step=444ms, lr=4.54e-04
2025-08-11 16:58:35,168 - logger.py:50 - Epoch: [59][500/859] 	 loss: 0.01783, MAE: 0.14583, time/step=443ms, lr=4.54e-04
2025-08-11 16:59:19,175 - logger.py:50 - Epoch: [59][600/859] 	 loss: 0.01747, MAE: 0.14290, time/step=443ms, lr=4.54e-04
2025-08-11 17:00:03,382 - logger.py:50 - Epoch: [59][700/859] 	 loss: 0.01715, MAE: 0.14027, time/step=443ms, lr=4.54e-04
2025-08-11 17:00:47,396 - logger.py:50 - Epoch: [59][800/859] 	 loss: 0.01699, MAE: 0.13893, time/step=442ms, lr=4.54e-04
2025-08-11 17:01:13,134 - logger.py:50 - Epoch: [59][858/859] 	 loss: 0.01706, MAE: 0.13951, time/step=442ms, lr=4.54e-04
2025-08-11 17:01:34,677 - logger.py:50 - Epoch: [59] Target: [1] train MAE: 0.13951, val MAE: 0.17365, test MAE: 0.17611, Time: 401.49s
2025-08-11 17:01:34,677 - logger.py:50 - Best -- epoch=53, train MAE: 0.14113, val MAE: 0.11496, test MAE: 0.11685

2025-08-11 17:01:35,535 - logger.py:50 - Epoch: [60][0/859] 	 loss: 0.02202, MAE: 0.18010, time/step=856ms, lr=4.52e-04
2025-08-11 17:02:19,859 - logger.py:50 - Epoch: [60][100/859] 	 loss: 0.01575, MAE: 0.12883, time/step=447ms, lr=4.52e-04
2025-08-11 17:03:04,098 - logger.py:50 - Epoch: [60][200/859] 	 loss: 0.01620, MAE: 0.13249, time/step=445ms, lr=4.52e-04
2025-08-11 17:03:48,324 - logger.py:50 - Epoch: [60][300/859] 	 loss: 0.01606, MAE: 0.13132, time/step=444ms, lr=4.52e-04
2025-08-11 17:04:32,513 - logger.py:50 - Epoch: [60][400/859] 	 loss: 0.01585, MAE: 0.12963, time/step=443ms, lr=4.52e-04
2025-08-11 17:05:16,486 - logger.py:50 - Epoch: [60][500/859] 	 loss: 0.01578, MAE: 0.12903, time/step=443ms, lr=4.52e-04
2025-08-11 17:06:00,842 - logger.py:50 - Epoch: [60][600/859] 	 loss: 0.01571, MAE: 0.12847, time/step=443ms, lr=4.52e-04
2025-08-11 17:06:44,919 - logger.py:50 - Epoch: [60][700/859] 	 loss: 0.01588, MAE: 0.12983, time/step=443ms, lr=4.52e-04
2025-08-11 17:07:29,121 - logger.py:50 - Epoch: [60][800/859] 	 loss: 0.01590, MAE: 0.13004, time/step=442ms, lr=4.52e-04
2025-08-11 17:07:54,702 - logger.py:50 - Epoch: [60][858/859] 	 loss: 0.01591, MAE: 0.13013, time/step=442ms, lr=4.52e-04
2025-08-11 17:08:16,271 - logger.py:50 - Epoch: [60] Target: [1] train MAE: 0.13013, val MAE: 0.10431, test MAE: 0.10886, Time: 401.59s
2025-08-11 17:08:16,271 - logger.py:50 - Best -- epoch=60, train MAE: 0.13013, val MAE: 0.10431, test MAE: 0.10886

2025-08-11 17:08:17,144 - logger.py:50 - Epoch: [61][0/859] 	 loss: 0.01387, MAE: 0.11342, time/step=872ms, lr=4.51e-04
2025-08-11 17:09:01,468 - logger.py:50 - Epoch: [61][100/859] 	 loss: 0.01486, MAE: 0.12152, time/step=447ms, lr=4.51e-04
2025-08-11 17:09:45,707 - logger.py:50 - Epoch: [61][200/859] 	 loss: 0.01559, MAE: 0.12748, time/step=445ms, lr=4.51e-04
2025-08-11 17:10:29,802 - logger.py:50 - Epoch: [61][300/859] 	 loss: 0.01632, MAE: 0.13346, time/step=444ms, lr=4.51e-04
2025-08-11 17:11:13,773 - logger.py:50 - Epoch: [61][400/859] 	 loss: 0.01624, MAE: 0.13277, time/step=443ms, lr=4.51e-04
2025-08-11 17:11:57,883 - logger.py:50 - Epoch: [61][500/859] 	 loss: 0.01619, MAE: 0.13238, time/step=442ms, lr=4.51e-04
2025-08-11 17:12:42,091 - logger.py:50 - Epoch: [61][600/859] 	 loss: 0.01635, MAE: 0.13370, time/step=442ms, lr=4.51e-04
2025-08-11 17:13:26,371 - logger.py:50 - Epoch: [61][700/859] 	 loss: 0.01629, MAE: 0.13324, time/step=442ms, lr=4.51e-04
2025-08-11 17:14:10,750 - logger.py:50 - Epoch: [61][800/859] 	 loss: 0.01622, MAE: 0.13267, time/step=443ms, lr=4.51e-04
2025-08-11 17:14:36,303 - logger.py:50 - Epoch: [61][858/859] 	 loss: 0.01623, MAE: 0.13274, time/step=442ms, lr=4.51e-04
2025-08-11 17:14:57,901 - logger.py:50 - Epoch: [61] Target: [1] train MAE: 0.13274, val MAE: 0.10796, test MAE: 0.11267, Time: 401.63s
2025-08-11 17:14:57,901 - logger.py:50 - Best -- epoch=60, train MAE: 0.13013, val MAE: 0.10431, test MAE: 0.10886

2025-08-11 17:14:58,722 - logger.py:50 - Epoch: [62][0/859] 	 loss: 0.01297, MAE: 0.10608, time/step=818ms, lr=4.49e-04
2025-08-11 17:15:43,068 - logger.py:50 - Epoch: [62][100/859] 	 loss: 0.01619, MAE: 0.13238, time/step=447ms, lr=4.49e-04
2025-08-11 17:16:27,264 - logger.py:50 - Epoch: [62][200/859] 	 loss: 0.01605, MAE: 0.13121, time/step=445ms, lr=4.49e-04
2025-08-11 17:17:11,488 - logger.py:50 - Epoch: [62][300/859] 	 loss: 0.01595, MAE: 0.13045, time/step=444ms, lr=4.49e-04
2025-08-11 17:17:55,643 - logger.py:50 - Epoch: [62][400/859] 	 loss: 0.01591, MAE: 0.13012, time/step=443ms, lr=4.49e-04
2025-08-11 17:18:39,780 - logger.py:50 - Epoch: [62][500/859] 	 loss: 0.01608, MAE: 0.13148, time/step=443ms, lr=4.49e-04
2025-08-11 17:19:23,936 - logger.py:50 - Epoch: [62][600/859] 	 loss: 0.01606, MAE: 0.13131, time/step=443ms, lr=4.49e-04
2025-08-11 17:20:08,084 - logger.py:50 - Epoch: [62][700/859] 	 loss: 0.01599, MAE: 0.13077, time/step=442ms, lr=4.49e-04
2025-08-11 17:20:52,261 - logger.py:50 - Epoch: [62][800/859] 	 loss: 0.01609, MAE: 0.13159, time/step=442ms, lr=4.49e-04
2025-08-11 17:21:17,806 - logger.py:50 - Epoch: [62][858/859] 	 loss: 0.01625, MAE: 0.13289, time/step=442ms, lr=4.49e-04
2025-08-11 17:21:39,477 - logger.py:50 - Epoch: [62] Target: [1] train MAE: 0.13289, val MAE: 0.13082, test MAE: 0.13825, Time: 401.58s
2025-08-11 17:21:39,477 - logger.py:50 - Best -- epoch=60, train MAE: 0.13013, val MAE: 0.10431, test MAE: 0.10886

2025-08-11 17:21:40,348 - logger.py:50 - Epoch: [63][0/859] 	 loss: 0.01425, MAE: 0.11656, time/step=869ms, lr=4.48e-04
2025-08-11 17:22:24,639 - logger.py:50 - Epoch: [63][100/859] 	 loss: 0.01504, MAE: 0.12302, time/step=447ms, lr=4.48e-04
2025-08-11 17:23:08,774 - logger.py:50 - Epoch: [63][200/859] 	 loss: 0.01521, MAE: 0.12442, time/step=444ms, lr=4.48e-04
2025-08-11 17:23:53,162 - logger.py:50 - Epoch: [63][300/859] 	 loss: 0.01533, MAE: 0.12537, time/step=444ms, lr=4.48e-04
2025-08-11 17:24:37,412 - logger.py:50 - Epoch: [63][400/859] 	 loss: 0.01536, MAE: 0.12561, time/step=444ms, lr=4.48e-04
2025-08-11 17:25:21,652 - logger.py:50 - Epoch: [63][500/859] 	 loss: 0.01555, MAE: 0.12715, time/step=443ms, lr=4.48e-04
2025-08-11 17:26:05,773 - logger.py:50 - Epoch: [63][600/859] 	 loss: 0.01580, MAE: 0.12917, time/step=443ms, lr=4.48e-04
2025-08-11 17:26:50,058 - logger.py:50 - Epoch: [63][700/859] 	 loss: 0.01600, MAE: 0.13086, time/step=443ms, lr=4.48e-04
2025-08-11 17:27:34,287 - logger.py:50 - Epoch: [63][800/859] 	 loss: 0.01601, MAE: 0.13092, time/step=443ms, lr=4.48e-04
2025-08-11 17:27:59,890 - logger.py:50 - Epoch: [63][858/859] 	 loss: 0.01603, MAE: 0.13108, time/step=443ms, lr=4.48e-04
2025-08-11 17:28:21,511 - logger.py:50 - Epoch: [63] Target: [1] train MAE: 0.13108, val MAE: 0.11395, test MAE: 0.12028, Time: 402.03s
2025-08-11 17:28:21,511 - logger.py:50 - Best -- epoch=60, train MAE: 0.13013, val MAE: 0.10431, test MAE: 0.10886

2025-08-11 17:28:22,356 - logger.py:50 - Epoch: [64][0/859] 	 loss: 0.01466, MAE: 0.11991, time/step=842ms, lr=4.46e-04
2025-08-11 17:29:06,427 - logger.py:50 - Epoch: [64][100/859] 	 loss: 0.01635, MAE: 0.13369, time/step=445ms, lr=4.46e-04
2025-08-11 17:29:50,525 - logger.py:50 - Epoch: [64][200/859] 	 loss: 0.02979, MAE: 0.24361, time/step=443ms, lr=4.46e-04
2025-08-11 17:30:34,631 - logger.py:50 - Epoch: [64][300/859] 	 loss: 0.02560, MAE: 0.20935, time/step=442ms, lr=4.46e-04
2025-08-11 17:31:18,924 - logger.py:50 - Epoch: [64][400/859] 	 loss: 0.02315, MAE: 0.18929, time/step=442ms, lr=4.46e-04
2025-08-11 17:32:03,121 - logger.py:50 - Epoch: [64][500/859] 	 loss: 0.02181, MAE: 0.17833, time/step=442ms, lr=4.46e-04
2025-08-11 17:32:46,996 - logger.py:50 - Epoch: [64][600/859] 	 loss: 0.02118, MAE: 0.17320, time/step=442ms, lr=4.46e-04
2025-08-11 17:33:31,051 - logger.py:50 - Epoch: [64][700/859] 	 loss: 0.02036, MAE: 0.16647, time/step=442ms, lr=4.46e-04
2025-08-11 17:34:15,136 - logger.py:50 - Epoch: [64][800/859] 	 loss: 0.01988, MAE: 0.16257, time/step=441ms, lr=4.46e-04
2025-08-11 17:34:40,644 - logger.py:50 - Epoch: [64][858/859] 	 loss: 0.01953, MAE: 0.15975, time/step=441ms, lr=4.46e-04
2025-08-11 17:35:02,226 - logger.py:50 - Epoch: [64] Target: [1] train MAE: 0.15975, val MAE: 0.13252, test MAE: 0.13770, Time: 400.71s
2025-08-11 17:35:02,226 - logger.py:50 - Best -- epoch=60, train MAE: 0.13013, val MAE: 0.10431, test MAE: 0.10886

2025-08-11 17:35:03,070 - logger.py:50 - Epoch: [65][0/859] 	 loss: 0.01527, MAE: 0.12485, time/step=843ms, lr=4.44e-04
2025-08-11 17:35:47,221 - logger.py:50 - Epoch: [65][100/859] 	 loss: 0.01540, MAE: 0.12593, time/step=445ms, lr=4.44e-04
2025-08-11 17:36:31,310 - logger.py:50 - Epoch: [65][200/859] 	 loss: 0.01492, MAE: 0.12204, time/step=443ms, lr=4.44e-04
2025-08-11 17:37:15,238 - logger.py:50 - Epoch: [65][300/859] 	 loss: 0.01537, MAE: 0.12569, time/step=442ms, lr=4.44e-04
2025-08-11 17:37:59,459 - logger.py:50 - Epoch: [65][400/859] 	 loss: 0.01518, MAE: 0.12413, time/step=442ms, lr=4.44e-04
2025-08-11 17:38:43,529 - logger.py:50 - Epoch: [65][500/859] 	 loss: 0.01523, MAE: 0.12453, time/step=442ms, lr=4.44e-04
2025-08-11 17:39:27,543 - logger.py:50 - Epoch: [65][600/859] 	 loss: 0.01534, MAE: 0.12547, time/step=441ms, lr=4.44e-04
2025-08-11 17:40:11,600 - logger.py:50 - Epoch: [65][700/859] 	 loss: 0.01525, MAE: 0.12467, time/step=441ms, lr=4.44e-04
2025-08-11 17:40:55,856 - logger.py:50 - Epoch: [65][800/859] 	 loss: 0.01520, MAE: 0.12431, time/step=441ms, lr=4.44e-04
2025-08-11 17:41:21,585 - logger.py:50 - Epoch: [65][858/859] 	 loss: 0.01524, MAE: 0.12463, time/step=442ms, lr=4.44e-04
2025-08-11 17:41:43,062 - logger.py:50 - Epoch: [65] Target: [1] train MAE: 0.12463, val MAE: 0.11675, test MAE: 0.11816, Time: 400.84s
2025-08-11 17:41:43,062 - logger.py:50 - Best -- epoch=60, train MAE: 0.13013, val MAE: 0.10431, test MAE: 0.10886

2025-08-11 17:41:43,884 - logger.py:50 - Epoch: [66][0/859] 	 loss: 0.01598, MAE: 0.13071, time/step=820ms, lr=4.43e-04
2025-08-11 17:42:27,922 - logger.py:50 - Epoch: [66][100/859] 	 loss: 0.01722, MAE: 0.14080, time/step=444ms, lr=4.43e-04
2025-08-11 17:43:11,783 - logger.py:50 - Epoch: [66][200/859] 	 loss: 0.01693, MAE: 0.13841, time/step=441ms, lr=4.43e-04
2025-08-11 17:43:55,876 - logger.py:50 - Epoch: [66][300/859] 	 loss: 0.01701, MAE: 0.13913, time/step=441ms, lr=4.43e-04
2025-08-11 17:44:39,883 - logger.py:50 - Epoch: [66][400/859] 	 loss: 0.01664, MAE: 0.13604, time/step=441ms, lr=4.43e-04
2025-08-11 17:45:24,096 - logger.py:50 - Epoch: [66][500/859] 	 loss: 0.01633, MAE: 0.13352, time/step=441ms, lr=4.43e-04
2025-08-11 17:46:08,410 - logger.py:50 - Epoch: [66][600/859] 	 loss: 0.01763, MAE: 0.14421, time/step=442ms, lr=4.43e-04
2025-08-11 17:46:52,499 - logger.py:50 - Epoch: [66][700/859] 	 loss: 0.01759, MAE: 0.14387, time/step=441ms, lr=4.43e-04
2025-08-11 17:47:36,481 - logger.py:50 - Epoch: [66][800/859] 	 loss: 0.01731, MAE: 0.14153, time/step=441ms, lr=4.43e-04
2025-08-11 17:48:02,114 - logger.py:50 - Epoch: [66][858/859] 	 loss: 0.01729, MAE: 0.14135, time/step=441ms, lr=4.43e-04
2025-08-11 17:48:23,677 - logger.py:50 - Epoch: [66] Target: [1] train MAE: 0.14135, val MAE: 0.10784, test MAE: 0.11020, Time: 400.61s
2025-08-11 17:48:23,677 - logger.py:50 - Best -- epoch=60, train MAE: 0.13013, val MAE: 0.10431, test MAE: 0.10886

2025-08-11 17:48:24,528 - logger.py:50 - Epoch: [67][0/859] 	 loss: 0.01331, MAE: 0.10886, time/step=849ms, lr=4.41e-04
2025-08-11 17:49:08,695 - logger.py:50 - Epoch: [67][100/859] 	 loss: 0.01656, MAE: 0.13545, time/step=446ms, lr=4.41e-04
2025-08-11 17:49:52,673 - logger.py:50 - Epoch: [67][200/859] 	 loss: 0.01554, MAE: 0.12709, time/step=443ms, lr=4.41e-04
2025-08-11 17:50:36,680 - logger.py:50 - Epoch: [67][300/859] 	 loss: 0.01568, MAE: 0.12820, time/step=442ms, lr=4.41e-04
2025-08-11 17:51:20,768 - logger.py:50 - Epoch: [67][400/859] 	 loss: 0.01541, MAE: 0.12605, time/step=442ms, lr=4.41e-04
2025-08-11 17:52:04,701 - logger.py:50 - Epoch: [67][500/859] 	 loss: 0.01535, MAE: 0.12555, time/step=441ms, lr=4.41e-04
2025-08-11 17:52:48,794 - logger.py:50 - Epoch: [67][600/859] 	 loss: 0.01529, MAE: 0.12507, time/step=441ms, lr=4.41e-04
2025-08-11 17:53:32,827 - logger.py:50 - Epoch: [67][700/859] 	 loss: 0.01531, MAE: 0.12524, time/step=441ms, lr=4.41e-04
2025-08-11 17:54:16,933 - logger.py:50 - Epoch: [67][800/859] 	 loss: 0.01529, MAE: 0.12504, time/step=441ms, lr=4.41e-04
2025-08-11 17:54:42,454 - logger.py:50 - Epoch: [67][858/859] 	 loss: 0.01536, MAE: 0.12563, time/step=441ms, lr=4.41e-04
2025-08-11 17:55:03,992 - logger.py:50 - Epoch: [67] Target: [1] train MAE: 0.12563, val MAE: 0.10627, test MAE: 0.11087, Time: 400.32s
2025-08-11 17:55:03,992 - logger.py:50 - Best -- epoch=60, train MAE: 0.13013, val MAE: 0.10431, test MAE: 0.10886

2025-08-11 17:55:04,879 - logger.py:50 - Epoch: [68][0/859] 	 loss: 0.01218, MAE: 0.09958, time/step=884ms, lr=4.39e-04
2025-08-11 17:55:49,055 - logger.py:50 - Epoch: [68][100/859] 	 loss: 0.01439, MAE: 0.11771, time/step=446ms, lr=4.39e-04
2025-08-11 17:56:33,138 - logger.py:50 - Epoch: [68][200/859] 	 loss: 0.01463, MAE: 0.11964, time/step=443ms, lr=4.39e-04
2025-08-11 17:57:17,201 - logger.py:50 - Epoch: [68][300/859] 	 loss: 0.01494, MAE: 0.12218, time/step=443ms, lr=4.39e-04
2025-08-11 17:58:01,196 - logger.py:50 - Epoch: [68][400/859] 	 loss: 0.01495, MAE: 0.12225, time/step=442ms, lr=4.39e-04
2025-08-11 17:58:45,361 - logger.py:50 - Epoch: [68][500/859] 	 loss: 0.01497, MAE: 0.12241, time/step=442ms, lr=4.39e-04
2025-08-11 17:59:29,532 - logger.py:50 - Epoch: [68][600/859] 	 loss: 0.01481, MAE: 0.12113, time/step=442ms, lr=4.39e-04
2025-08-11 18:00:13,554 - logger.py:50 - Epoch: [68][700/859] 	 loss: 0.01482, MAE: 0.12119, time/step=442ms, lr=4.39e-04
2025-08-11 18:00:57,498 - logger.py:50 - Epoch: [68][800/859] 	 loss: 0.01484, MAE: 0.12136, time/step=441ms, lr=4.39e-04
2025-08-11 18:01:23,180 - logger.py:50 - Epoch: [68][858/859] 	 loss: 0.01482, MAE: 0.12123, time/step=441ms, lr=4.39e-04
2025-08-11 18:01:44,754 - logger.py:50 - Epoch: [68] Target: [1] train MAE: 0.12123, val MAE: 0.10366, test MAE: 0.10732, Time: 400.76s
2025-08-11 18:01:44,754 - logger.py:50 - Best -- epoch=68, train MAE: 0.12123, val MAE: 0.10366, test MAE: 0.10732

2025-08-11 18:01:45,572 - logger.py:50 - Epoch: [69][0/859] 	 loss: 0.01563, MAE: 0.12779, time/step=816ms, lr=4.38e-04
2025-08-11 18:02:29,553 - logger.py:50 - Epoch: [69][100/859] 	 loss: 0.01676, MAE: 0.13702, time/step=444ms, lr=4.38e-04
2025-08-11 18:03:13,781 - logger.py:50 - Epoch: [69][200/859] 	 loss: 0.01615, MAE: 0.13205, time/step=443ms, lr=4.38e-04
2025-08-11 18:03:57,846 - logger.py:50 - Epoch: [69][300/859] 	 loss: 0.01569, MAE: 0.12829, time/step=442ms, lr=4.38e-04
2025-08-11 18:04:42,126 - logger.py:50 - Epoch: [69][400/859] 	 loss: 0.01541, MAE: 0.12606, time/step=442ms, lr=4.38e-04
2025-08-11 18:05:26,049 - logger.py:50 - Epoch: [69][500/859] 	 loss: 0.01537, MAE: 0.12567, time/step=442ms, lr=4.38e-04
2025-08-11 18:06:10,140 - logger.py:50 - Epoch: [69][600/859] 	 loss: 0.01547, MAE: 0.12647, time/step=442ms, lr=4.38e-04
2025-08-11 18:06:54,320 - logger.py:50 - Epoch: [69][700/859] 	 loss: 0.01539, MAE: 0.12582, time/step=442ms, lr=4.38e-04
2025-08-11 18:07:38,288 - logger.py:50 - Epoch: [69][800/859] 	 loss: 0.01532, MAE: 0.12524, time/step=441ms, lr=4.38e-04
2025-08-11 18:08:03,910 - logger.py:50 - Epoch: [69][858/859] 	 loss: 0.01531, MAE: 0.12521, time/step=441ms, lr=4.38e-04
2025-08-11 18:08:26,080 - logger.py:50 - Epoch: [69] Target: [1] train MAE: 0.12521, val MAE: 0.13728, test MAE: 0.14233, Time: 401.33s
2025-08-11 18:08:26,081 - logger.py:50 - Best -- epoch=68, train MAE: 0.12123, val MAE: 0.10366, test MAE: 0.10732

2025-08-11 18:08:26,940 - logger.py:50 - Epoch: [70][0/859] 	 loss: 0.01241, MAE: 0.10145, time/step=857ms, lr=4.36e-04
2025-08-11 18:09:10,992 - logger.py:50 - Epoch: [70][100/859] 	 loss: 0.01501, MAE: 0.12271, time/step=445ms, lr=4.36e-04
2025-08-11 18:09:54,971 - logger.py:50 - Epoch: [70][200/859] 	 loss: 0.01518, MAE: 0.12413, time/step=442ms, lr=4.36e-04
2025-08-11 18:10:38,873 - logger.py:50 - Epoch: [70][300/859] 	 loss: 0.01491, MAE: 0.12196, time/step=441ms, lr=4.36e-04
2025-08-11 18:11:23,019 - logger.py:50 - Epoch: [70][400/859] 	 loss: 0.01510, MAE: 0.12346, time/step=441ms, lr=4.36e-04
2025-08-11 18:12:07,099 - logger.py:50 - Epoch: [70][500/859] 	 loss: 0.01521, MAE: 0.12441, time/step=441ms, lr=4.36e-04
2025-08-11 18:12:51,180 - logger.py:50 - Epoch: [70][600/859] 	 loss: 0.01527, MAE: 0.12489, time/step=441ms, lr=4.36e-04
2025-08-11 18:13:35,286 - logger.py:50 - Epoch: [70][700/859] 	 loss: 0.01541, MAE: 0.12605, time/step=441ms, lr=4.36e-04
2025-08-11 18:14:19,408 - logger.py:50 - Epoch: [70][800/859] 	 loss: 0.01539, MAE: 0.12585, time/step=441ms, lr=4.36e-04
2025-08-11 18:14:44,856 - logger.py:50 - Epoch: [70][858/859] 	 loss: 0.01530, MAE: 0.12514, time/step=441ms, lr=4.36e-04
2025-08-11 18:15:06,388 - logger.py:50 - Epoch: [70] Target: [1] train MAE: 0.12514, val MAE: 0.11107, test MAE: 0.11677, Time: 400.31s
2025-08-11 18:15:06,388 - logger.py:50 - Best -- epoch=68, train MAE: 0.12123, val MAE: 0.10366, test MAE: 0.10732

2025-08-11 18:15:07,235 - logger.py:50 - Epoch: [71][0/859] 	 loss: 0.01310, MAE: 0.10712, time/step=844ms, lr=4.34e-04
2025-08-11 18:15:51,332 - logger.py:50 - Epoch: [71][100/859] 	 loss: 0.01468, MAE: 0.12005, time/step=445ms, lr=4.34e-04
2025-08-11 18:16:35,540 - logger.py:50 - Epoch: [71][200/859] 	 loss: 0.01442, MAE: 0.11789, time/step=444ms, lr=4.34e-04
2025-08-11 18:17:19,692 - logger.py:50 - Epoch: [71][300/859] 	 loss: 0.01488, MAE: 0.12165, time/step=443ms, lr=4.34e-04
2025-08-11 18:18:03,532 - logger.py:50 - Epoch: [71][400/859] 	 loss: 0.01645, MAE: 0.13450, time/step=442ms, lr=4.34e-04
2025-08-11 18:18:47,611 - logger.py:50 - Epoch: [71][500/859] 	 loss: 0.01631, MAE: 0.13340, time/step=442ms, lr=4.34e-04
2025-08-11 18:19:31,682 - logger.py:50 - Epoch: [71][600/859] 	 loss: 0.01602, MAE: 0.13098, time/step=441ms, lr=4.34e-04
2025-08-11 18:20:15,684 - logger.py:50 - Epoch: [71][700/859] 	 loss: 0.01587, MAE: 0.12978, time/step=441ms, lr=4.34e-04
2025-08-11 18:20:59,553 - logger.py:50 - Epoch: [71][800/859] 	 loss: 0.01558, MAE: 0.12743, time/step=441ms, lr=4.34e-04
2025-08-11 18:21:24,990 - logger.py:50 - Epoch: [71][858/859] 	 loss: 0.01549, MAE: 0.12665, time/step=441ms, lr=4.34e-04
2025-08-11 18:21:46,513 - logger.py:50 - Epoch: [71] Target: [1] train MAE: 0.12665, val MAE: 0.09779, test MAE: 0.09948, Time: 400.12s
2025-08-11 18:21:46,513 - logger.py:50 - Best -- epoch=71, train MAE: 0.12665, val MAE: 0.09779, test MAE: 0.09948

2025-08-11 18:21:47,364 - logger.py:50 - Epoch: [72][0/859] 	 loss: 0.01077, MAE: 0.08803, time/step=849ms, lr=4.32e-04
2025-08-11 18:22:31,572 - logger.py:50 - Epoch: [72][100/859] 	 loss: 0.01404, MAE: 0.11480, time/step=446ms, lr=4.32e-04
2025-08-11 18:23:15,537 - logger.py:50 - Epoch: [72][200/859] 	 loss: 0.01421, MAE: 0.11620, time/step=443ms, lr=4.32e-04
2025-08-11 18:23:59,542 - logger.py:50 - Epoch: [72][300/859] 	 loss: 0.01435, MAE: 0.11735, time/step=442ms, lr=4.32e-04
2025-08-11 18:24:43,564 - logger.py:50 - Epoch: [72][400/859] 	 loss: 0.01472, MAE: 0.12034, time/step=442ms, lr=4.32e-04
2025-08-11 18:25:27,471 - logger.py:50 - Epoch: [72][500/859] 	 loss: 0.01459, MAE: 0.11932, time/step=441ms, lr=4.32e-04
2025-08-11 18:26:11,618 - logger.py:50 - Epoch: [72][600/859] 	 loss: 0.01457, MAE: 0.11915, time/step=441ms, lr=4.32e-04
2025-08-11 18:26:55,531 - logger.py:50 - Epoch: [72][700/859] 	 loss: 0.01453, MAE: 0.11883, time/step=441ms, lr=4.32e-04
2025-08-11 18:27:39,497 - logger.py:50 - Epoch: [72][800/859] 	 loss: 0.01451, MAE: 0.11862, time/step=441ms, lr=4.32e-04
2025-08-11 18:28:05,129 - logger.py:50 - Epoch: [72][858/859] 	 loss: 0.01457, MAE: 0.11913, time/step=441ms, lr=4.32e-04
2025-08-11 18:28:26,650 - logger.py:50 - Epoch: [72] Target: [1] train MAE: 0.11913, val MAE: 0.11748, test MAE: 0.12232, Time: 400.14s
2025-08-11 18:28:26,650 - logger.py:50 - Best -- epoch=71, train MAE: 0.12665, val MAE: 0.09779, test MAE: 0.09948

2025-08-11 18:28:27,488 - logger.py:50 - Epoch: [73][0/859] 	 loss: 0.01427, MAE: 0.11666, time/step=836ms, lr=4.31e-04
2025-08-11 18:29:11,565 - logger.py:50 - Epoch: [73][100/859] 	 loss: 0.01392, MAE: 0.11380, time/step=445ms, lr=4.31e-04
2025-08-11 18:29:55,376 - logger.py:50 - Epoch: [73][200/859] 	 loss: 0.01407, MAE: 0.11505, time/step=441ms, lr=4.31e-04
2025-08-11 18:30:39,487 - logger.py:50 - Epoch: [73][300/859] 	 loss: 0.01419, MAE: 0.11606, time/step=441ms, lr=4.31e-04
2025-08-11 18:31:23,558 - logger.py:50 - Epoch: [73][400/859] 	 loss: 0.01392, MAE: 0.11385, time/step=441ms, lr=4.31e-04
2025-08-11 18:32:07,644 - logger.py:50 - Epoch: [73][500/859] 	 loss: 0.01385, MAE: 0.11330, time/step=441ms, lr=4.31e-04
2025-08-11 18:32:51,556 - logger.py:50 - Epoch: [73][600/859] 	 loss: 0.01392, MAE: 0.11379, time/step=441ms, lr=4.31e-04
2025-08-11 18:33:35,569 - logger.py:50 - Epoch: [73][700/859] 	 loss: 0.01405, MAE: 0.11488, time/step=441ms, lr=4.31e-04
2025-08-11 18:34:19,669 - logger.py:50 - Epoch: [73][800/859] 	 loss: 0.01404, MAE: 0.11482, time/step=441ms, lr=4.31e-04
2025-08-11 18:34:45,148 - logger.py:50 - Epoch: [73][858/859] 	 loss: 0.01402, MAE: 0.11464, time/step=441ms, lr=4.31e-04
2025-08-11 18:35:06,683 - logger.py:50 - Epoch: [73] Target: [1] train MAE: 0.11464, val MAE: 0.15084, test MAE: 0.15499, Time: 400.03s
2025-08-11 18:35:06,683 - logger.py:50 - Best -- epoch=71, train MAE: 0.12665, val MAE: 0.09779, test MAE: 0.09948

2025-08-11 18:35:07,495 - logger.py:50 - Epoch: [74][0/859] 	 loss: 0.01737, MAE: 0.14202, time/step=810ms, lr=4.29e-04
2025-08-11 18:35:51,634 - logger.py:50 - Epoch: [74][100/859] 	 loss: 0.01643, MAE: 0.13438, time/step=445ms, lr=4.29e-04
2025-08-11 18:36:35,613 - logger.py:50 - Epoch: [74][200/859] 	 loss: 0.01538, MAE: 0.12576, time/step=442ms, lr=4.29e-04
2025-08-11 18:37:19,570 - logger.py:50 - Epoch: [74][300/859] 	 loss: 0.01514, MAE: 0.12385, time/step=441ms, lr=4.29e-04
2025-08-11 18:38:03,788 - logger.py:50 - Epoch: [74][400/859] 	 loss: 0.01501, MAE: 0.12273, time/step=442ms, lr=4.29e-04
2025-08-11 18:38:47,751 - logger.py:50 - Epoch: [74][500/859] 	 loss: 0.01488, MAE: 0.12166, time/step=441ms, lr=4.29e-04
2025-08-11 18:39:31,906 - logger.py:50 - Epoch: [74][600/859] 	 loss: 0.01478, MAE: 0.12085, time/step=441ms, lr=4.29e-04
2025-08-11 18:40:15,823 - logger.py:50 - Epoch: [74][700/859] 	 loss: 0.01484, MAE: 0.12134, time/step=441ms, lr=4.29e-04
2025-08-11 18:40:59,738 - logger.py:50 - Epoch: [74][800/859] 	 loss: 0.01476, MAE: 0.12070, time/step=441ms, lr=4.29e-04
2025-08-11 18:41:25,307 - logger.py:50 - Epoch: [74][858/859] 	 loss: 0.01470, MAE: 0.12023, time/step=441ms, lr=4.29e-04
2025-08-11 18:41:46,802 - logger.py:50 - Epoch: [74] Target: [1] train MAE: 0.12023, val MAE: 0.11148, test MAE: 0.12031, Time: 400.12s
2025-08-11 18:41:46,802 - logger.py:50 - Best -- epoch=71, train MAE: 0.12665, val MAE: 0.09779, test MAE: 0.09948

2025-08-11 18:41:47,635 - logger.py:50 - Epoch: [75][0/859] 	 loss: 0.01189, MAE: 0.09724, time/step=831ms, lr=4.27e-04
2025-08-11 18:42:31,493 - logger.py:50 - Epoch: [75][100/859] 	 loss: 0.01446, MAE: 0.11823, time/step=442ms, lr=4.27e-04
2025-08-11 18:43:15,663 - logger.py:50 - Epoch: [75][200/859] 	 loss: 0.01487, MAE: 0.12162, time/step=442ms, lr=4.27e-04
2025-08-11 18:43:59,843 - logger.py:50 - Epoch: [75][300/859] 	 loss: 0.01461, MAE: 0.11947, time/step=442ms, lr=4.27e-04
2025-08-11 18:44:44,262 - logger.py:50 - Epoch: [75][400/859] 	 loss: 0.01453, MAE: 0.11880, time/step=443ms, lr=4.27e-04
2025-08-11 18:45:28,606 - logger.py:50 - Epoch: [75][500/859] 	 loss: 0.01450, MAE: 0.11856, time/step=443ms, lr=4.27e-04
2025-08-11 18:46:13,017 - logger.py:50 - Epoch: [75][600/859] 	 loss: 0.01435, MAE: 0.11734, time/step=443ms, lr=4.27e-04
2025-08-11 18:46:57,327 - logger.py:50 - Epoch: [75][700/859] 	 loss: 0.01427, MAE: 0.11666, time/step=443ms, lr=4.27e-04
2025-08-11 18:47:41,733 - logger.py:50 - Epoch: [75][800/859] 	 loss: 0.01429, MAE: 0.11686, time/step=443ms, lr=4.27e-04
2025-08-11 18:48:07,464 - logger.py:50 - Epoch: [75][858/859] 	 loss: 0.01430, MAE: 0.11690, time/step=443ms, lr=4.27e-04
2025-08-11 18:48:29,156 - logger.py:50 - Epoch: [75] Target: [1] train MAE: 0.11690, val MAE: 0.09813, test MAE: 0.10294, Time: 402.35s
2025-08-11 18:48:29,157 - logger.py:50 - Best -- epoch=71, train MAE: 0.12665, val MAE: 0.09779, test MAE: 0.09948

2025-08-11 18:48:30,053 - logger.py:50 - Epoch: [76][0/859] 	 loss: 0.01119, MAE: 0.09154, time/step=895ms, lr=4.25e-04
2025-08-11 18:49:14,440 - logger.py:50 - Epoch: [76][100/859] 	 loss: 0.01443, MAE: 0.11800, time/step=448ms, lr=4.25e-04
2025-08-11 18:49:58,841 - logger.py:50 - Epoch: [76][200/859] 	 loss: 0.01444, MAE: 0.11810, time/step=446ms, lr=4.25e-04
2025-08-11 18:50:43,139 - logger.py:50 - Epoch: [76][300/859] 	 loss: 0.01418, MAE: 0.11599, time/step=445ms, lr=4.25e-04
2025-08-11 18:51:27,298 - logger.py:50 - Epoch: [76][400/859] 	 loss: 0.01411, MAE: 0.11538, time/step=444ms, lr=4.25e-04
2025-08-11 18:52:11,588 - logger.py:50 - Epoch: [76][500/859] 	 loss: 0.01420, MAE: 0.11611, time/step=444ms, lr=4.25e-04
2025-08-11 18:52:55,889 - logger.py:50 - Epoch: [76][600/859] 	 loss: 0.01431, MAE: 0.11704, time/step=444ms, lr=4.25e-04
2025-08-11 18:53:40,255 - logger.py:50 - Epoch: [76][700/859] 	 loss: 0.01434, MAE: 0.11727, time/step=444ms, lr=4.25e-04
2025-08-11 18:54:24,673 - logger.py:50 - Epoch: [76][800/859] 	 loss: 0.01440, MAE: 0.11772, time/step=444ms, lr=4.25e-04
2025-08-11 18:54:50,375 - logger.py:50 - Epoch: [76][858/859] 	 loss: 0.01444, MAE: 0.11811, time/step=444ms, lr=4.25e-04
2025-08-11 18:55:12,087 - logger.py:50 - Epoch: [76] Target: [1] train MAE: 0.11811, val MAE: 0.15308, test MAE: 0.15903, Time: 402.93s
2025-08-11 18:55:12,087 - logger.py:50 - Best -- epoch=71, train MAE: 0.12665, val MAE: 0.09779, test MAE: 0.09948

2025-08-11 18:55:12,954 - logger.py:50 - Epoch: [77][0/859] 	 loss: 0.02080, MAE: 0.17008, time/step=865ms, lr=4.23e-04
2025-08-11 18:55:57,416 - logger.py:50 - Epoch: [77][100/859] 	 loss: 0.01358, MAE: 0.11109, time/step=449ms, lr=4.23e-04
2025-08-11 18:56:41,907 - logger.py:50 - Epoch: [77][200/859] 	 loss: 0.01367, MAE: 0.11181, time/step=447ms, lr=4.23e-04
2025-08-11 18:57:26,134 - logger.py:50 - Epoch: [77][300/859] 	 loss: 0.01413, MAE: 0.11552, time/step=445ms, lr=4.23e-04
2025-08-11 18:58:10,264 - logger.py:50 - Epoch: [77][400/859] 	 loss: 0.01430, MAE: 0.11691, time/step=444ms, lr=4.23e-04
2025-08-11 18:58:54,601 - logger.py:50 - Epoch: [77][500/859] 	 loss: 0.01439, MAE: 0.11765, time/step=444ms, lr=4.23e-04
2025-08-11 18:59:39,116 - logger.py:50 - Epoch: [77][600/859] 	 loss: 0.01441, MAE: 0.11786, time/step=444ms, lr=4.23e-04
2025-08-11 19:00:23,454 - logger.py:50 - Epoch: [77][700/859] 	 loss: 0.01433, MAE: 0.11715, time/step=444ms, lr=4.23e-04
2025-08-11 19:01:07,810 - logger.py:50 - Epoch: [77][800/859] 	 loss: 0.01434, MAE: 0.11728, time/step=444ms, lr=4.23e-04
2025-08-11 19:01:33,288 - logger.py:50 - Epoch: [77][858/859] 	 loss: 0.01430, MAE: 0.11695, time/step=444ms, lr=4.23e-04
2025-08-11 19:01:54,996 - logger.py:50 - Epoch: [77] Target: [1] train MAE: 0.11695, val MAE: 0.13662, test MAE: 0.14535, Time: 402.91s
2025-08-11 19:01:54,996 - logger.py:50 - Best -- epoch=71, train MAE: 0.12665, val MAE: 0.09779, test MAE: 0.09948

2025-08-11 19:01:55,797 - logger.py:50 - Epoch: [78][0/859] 	 loss: 0.02181, MAE: 0.17836, time/step=799ms, lr=4.21e-04
2025-08-11 19:02:40,090 - logger.py:50 - Epoch: [78][100/859] 	 loss: 0.02394, MAE: 0.19577, time/step=446ms, lr=4.21e-04
2025-08-11 19:03:24,420 - logger.py:50 - Epoch: [78][200/859] 	 loss: 0.01995, MAE: 0.16311, time/step=445ms, lr=4.21e-04
2025-08-11 19:04:08,635 - logger.py:50 - Epoch: [78][300/859] 	 loss: 0.01790, MAE: 0.14642, time/step=444ms, lr=4.21e-04
2025-08-11 19:04:52,614 - logger.py:50 - Epoch: [78][400/859] 	 loss: 0.01701, MAE: 0.13908, time/step=443ms, lr=4.21e-04
2025-08-11 19:05:37,079 - logger.py:50 - Epoch: [78][500/859] 	 loss: 0.01645, MAE: 0.13454, time/step=443ms, lr=4.21e-04
2025-08-11 19:06:21,334 - logger.py:50 - Epoch: [78][600/859] 	 loss: 0.01607, MAE: 0.13138, time/step=443ms, lr=4.21e-04
2025-08-11 19:07:05,376 - logger.py:50 - Epoch: [78][700/859] 	 loss: 0.01582, MAE: 0.12938, time/step=443ms, lr=4.21e-04
2025-08-11 19:07:49,504 - logger.py:50 - Epoch: [78][800/859] 	 loss: 0.01548, MAE: 0.12660, time/step=443ms, lr=4.21e-04
2025-08-11 19:08:15,001 - logger.py:50 - Epoch: [78][858/859] 	 loss: 0.01533, MAE: 0.12535, time/step=442ms, lr=4.21e-04
2025-08-11 19:08:36,583 - logger.py:50 - Epoch: [78] Target: [1] train MAE: 0.12535, val MAE: 0.09780, test MAE: 0.10211, Time: 401.59s
2025-08-11 19:08:36,583 - logger.py:50 - Best -- epoch=71, train MAE: 0.12665, val MAE: 0.09779, test MAE: 0.09948

2025-08-11 19:08:37,459 - logger.py:50 - Epoch: [79][0/859] 	 loss: 0.01304, MAE: 0.10665, time/step=874ms, lr=4.19e-04
2025-08-11 19:09:21,349 - logger.py:50 - Epoch: [79][100/859] 	 loss: 0.01428, MAE: 0.11680, time/step=443ms, lr=4.19e-04
2025-08-11 19:10:05,470 - logger.py:50 - Epoch: [79][200/859] 	 loss: 0.01393, MAE: 0.11395, time/step=442ms, lr=4.19e-04
2025-08-11 19:10:49,832 - logger.py:50 - Epoch: [79][300/859] 	 loss: 0.01422, MAE: 0.11630, time/step=443ms, lr=4.19e-04
2025-08-11 19:11:34,189 - logger.py:50 - Epoch: [79][400/859] 	 loss: 0.01424, MAE: 0.11646, time/step=443ms, lr=4.19e-04
2025-08-11 19:12:18,633 - logger.py:50 - Epoch: [79][500/859] 	 loss: 0.01419, MAE: 0.11602, time/step=443ms, lr=4.19e-04
2025-08-11 19:13:02,982 - logger.py:50 - Epoch: [79][600/859] 	 loss: 0.01413, MAE: 0.11558, time/step=443ms, lr=4.19e-04
2025-08-11 19:13:47,199 - logger.py:50 - Epoch: [79][700/859] 	 loss: 0.01406, MAE: 0.11496, time/step=443ms, lr=4.19e-04
2025-08-11 19:14:31,471 - logger.py:50 - Epoch: [79][800/859] 	 loss: 0.01403, MAE: 0.11470, time/step=443ms, lr=4.19e-04
2025-08-11 19:14:57,158 - logger.py:50 - Epoch: [79][858/859] 	 loss: 0.01394, MAE: 0.11401, time/step=443ms, lr=4.19e-04
2025-08-11 19:15:18,806 - logger.py:50 - Epoch: [79] Target: [1] train MAE: 0.11401, val MAE: 0.09737, test MAE: 0.09803, Time: 402.22s
2025-08-11 19:15:18,807 - logger.py:50 - Best -- epoch=79, train MAE: 0.11401, val MAE: 0.09737, test MAE: 0.09803

2025-08-11 19:15:19,666 - logger.py:50 - Epoch: [80][0/859] 	 loss: 0.01156, MAE: 0.09456, time/step=857ms, lr=4.17e-04
2025-08-11 19:16:03,716 - logger.py:50 - Epoch: [80][100/859] 	 loss: 0.01306, MAE: 0.10681, time/step=445ms, lr=4.17e-04
2025-08-11 19:16:47,962 - logger.py:50 - Epoch: [80][200/859] 	 loss: 0.01326, MAE: 0.10847, time/step=444ms, lr=4.17e-04
2025-08-11 19:17:32,421 - logger.py:50 - Epoch: [80][300/859] 	 loss: 0.01366, MAE: 0.11169, time/step=444ms, lr=4.17e-04
2025-08-11 19:18:16,398 - logger.py:50 - Epoch: [80][400/859] 	 loss: 0.01353, MAE: 0.11064, time/step=443ms, lr=4.17e-04
2025-08-11 19:19:00,641 - logger.py:50 - Epoch: [80][500/859] 	 loss: 0.01373, MAE: 0.11227, time/step=443ms, lr=4.17e-04
2025-08-11 19:19:44,859 - logger.py:50 - Epoch: [80][600/859] 	 loss: 0.01366, MAE: 0.11174, time/step=443ms, lr=4.17e-04
2025-08-11 19:20:29,029 - logger.py:50 - Epoch: [80][700/859] 	 loss: 0.01371, MAE: 0.11208, time/step=443ms, lr=4.17e-04
2025-08-11 19:21:13,306 - logger.py:50 - Epoch: [80][800/859] 	 loss: 0.01374, MAE: 0.11234, time/step=443ms, lr=4.17e-04
2025-08-11 19:21:39,090 - logger.py:50 - Epoch: [80][858/859] 	 loss: 0.01367, MAE: 0.11181, time/step=443ms, lr=4.17e-04
2025-08-11 19:22:00,758 - logger.py:50 - Epoch: [80] Target: [1] train MAE: 0.11181, val MAE: 0.10504, test MAE: 0.11072, Time: 401.95s
2025-08-11 19:22:00,758 - logger.py:50 - Best -- epoch=79, train MAE: 0.11401, val MAE: 0.09737, test MAE: 0.09803

2025-08-11 19:22:01,601 - logger.py:50 - Epoch: [81][0/859] 	 loss: 0.01313, MAE: 0.10734, time/step=841ms, lr=4.15e-04
2025-08-11 19:22:45,947 - logger.py:50 - Epoch: [81][100/859] 	 loss: 0.01368, MAE: 0.11191, time/step=447ms, lr=4.15e-04
2025-08-11 19:23:30,239 - logger.py:50 - Epoch: [81][200/859] 	 loss: 0.01327, MAE: 0.10850, time/step=445ms, lr=4.15e-04
2025-08-11 19:24:14,476 - logger.py:50 - Epoch: [81][300/859] 	 loss: 0.01343, MAE: 0.10982, time/step=444ms, lr=4.15e-04
2025-08-11 19:24:58,737 - logger.py:50 - Epoch: [81][400/859] 	 loss: 0.01333, MAE: 0.10902, time/step=444ms, lr=4.15e-04
2025-08-11 19:25:43,061 - logger.py:50 - Epoch: [81][500/859] 	 loss: 0.01337, MAE: 0.10930, time/step=444ms, lr=4.15e-04
2025-08-11 19:26:27,228 - logger.py:50 - Epoch: [81][600/859] 	 loss: 0.01353, MAE: 0.11063, time/step=443ms, lr=4.15e-04
2025-08-11 19:27:11,143 - logger.py:50 - Epoch: [81][700/859] 	 loss: 0.01366, MAE: 0.11170, time/step=443ms, lr=4.15e-04
2025-08-11 19:27:55,446 - logger.py:50 - Epoch: [81][800/859] 	 loss: 0.01374, MAE: 0.11240, time/step=443ms, lr=4.15e-04
2025-08-11 19:28:21,162 - logger.py:50 - Epoch: [81][858/859] 	 loss: 0.01374, MAE: 0.11237, time/step=443ms, lr=4.15e-04
2025-08-11 19:28:42,710 - logger.py:50 - Epoch: [81] Target: [1] train MAE: 0.11237, val MAE: 0.09495, test MAE: 0.09957, Time: 401.95s
2025-08-11 19:28:42,710 - logger.py:50 - Best -- epoch=81, train MAE: 0.11237, val MAE: 0.09495, test MAE: 0.09957

2025-08-11 19:28:43,562 - logger.py:50 - Epoch: [82][0/859] 	 loss: 0.01069, MAE: 0.08738, time/step=850ms, lr=4.14e-04
2025-08-11 19:29:27,711 - logger.py:50 - Epoch: [82][100/859] 	 loss: 0.01382, MAE: 0.11304, time/step=446ms, lr=4.14e-04
2025-08-11 19:30:11,701 - logger.py:50 - Epoch: [82][200/859] 	 loss: 0.01337, MAE: 0.10934, time/step=443ms, lr=4.14e-04
2025-08-11 19:30:55,927 - logger.py:50 - Epoch: [82][300/859] 	 loss: 0.01355, MAE: 0.11080, time/step=443ms, lr=4.14e-04
2025-08-11 19:31:40,249 - logger.py:50 - Epoch: [82][400/859] 	 loss: 0.01354, MAE: 0.11076, time/step=443ms, lr=4.14e-04
2025-08-11 19:32:24,497 - logger.py:50 - Epoch: [82][500/859] 	 loss: 0.01348, MAE: 0.11023, time/step=443ms, lr=4.14e-04
2025-08-11 19:33:08,796 - logger.py:50 - Epoch: [82][600/859] 	 loss: 0.01368, MAE: 0.11185, time/step=443ms, lr=4.14e-04
2025-08-11 19:33:52,826 - logger.py:50 - Epoch: [82][700/859] 	 loss: 0.01391, MAE: 0.11377, time/step=442ms, lr=4.14e-04
2025-08-11 19:34:37,090 - logger.py:50 - Epoch: [82][800/859] 	 loss: 0.01460, MAE: 0.11939, time/step=442ms, lr=4.14e-04
2025-08-11 19:35:02,704 - logger.py:50 - Epoch: [82][858/859] 	 loss: 0.01462, MAE: 0.11956, time/step=442ms, lr=4.14e-04
2025-08-11 19:35:24,248 - logger.py:50 - Epoch: [82] Target: [1] train MAE: 0.11956, val MAE: 0.10039, test MAE: 0.10361, Time: 401.54s
2025-08-11 19:35:24,248 - logger.py:50 - Best -- epoch=81, train MAE: 0.11237, val MAE: 0.09495, test MAE: 0.09957

2025-08-11 19:35:25,113 - logger.py:50 - Epoch: [83][0/859] 	 loss: 0.01179, MAE: 0.09644, time/step=863ms, lr=4.12e-04
2025-08-11 19:36:09,332 - logger.py:50 - Epoch: [83][100/859] 	 loss: 0.01287, MAE: 0.10525, time/step=446ms, lr=4.12e-04
2025-08-11 19:36:53,484 - logger.py:50 - Epoch: [83][200/859] 	 loss: 0.01337, MAE: 0.10930, time/step=444ms, lr=4.12e-04
2025-08-11 19:37:37,561 - logger.py:50 - Epoch: [83][300/859] 	 loss: 0.01327, MAE: 0.10854, time/step=443ms, lr=4.12e-04
2025-08-11 19:38:21,392 - logger.py:50 - Epoch: [83][400/859] 	 loss: 0.01323, MAE: 0.10819, time/step=442ms, lr=4.12e-04
2025-08-11 19:39:05,502 - logger.py:50 - Epoch: [83][500/859] 	 loss: 0.01332, MAE: 0.10895, time/step=442ms, lr=4.12e-04
2025-08-11 19:39:49,512 - logger.py:50 - Epoch: [83][600/859] 	 loss: 0.01336, MAE: 0.10922, time/step=441ms, lr=4.12e-04
2025-08-11 19:40:33,536 - logger.py:50 - Epoch: [83][700/859] 	 loss: 0.01325, MAE: 0.10838, time/step=441ms, lr=4.12e-04
2025-08-11 19:41:17,693 - logger.py:50 - Epoch: [83][800/859] 	 loss: 0.01312, MAE: 0.10731, time/step=441ms, lr=4.12e-04
2025-08-11 19:41:43,209 - logger.py:50 - Epoch: [83][858/859] 	 loss: 0.01307, MAE: 0.10689, time/step=441ms, lr=4.12e-04
2025-08-11 19:42:04,756 - logger.py:50 - Epoch: [83] Target: [1] train MAE: 0.10689, val MAE: 0.09322, test MAE: 0.09930, Time: 400.51s
2025-08-11 19:42:04,756 - logger.py:50 - Best -- epoch=83, train MAE: 0.10689, val MAE: 0.09322, test MAE: 0.09930

2025-08-11 19:42:05,599 - logger.py:50 - Epoch: [84][0/859] 	 loss: 0.01052, MAE: 0.08603, time/step=840ms, lr=4.10e-04
2025-08-11 19:42:49,711 - logger.py:50 - Epoch: [84][100/859] 	 loss: 0.01350, MAE: 0.11040, time/step=445ms, lr=4.10e-04
2025-08-11 19:43:33,724 - logger.py:50 - Epoch: [84][200/859] 	 loss: 0.01355, MAE: 0.11078, time/step=443ms, lr=4.10e-04
2025-08-11 19:44:17,737 - logger.py:50 - Epoch: [84][300/859] 	 loss: 0.01461, MAE: 0.11944, time/step=442ms, lr=4.10e-04
2025-08-11 19:45:01,800 - logger.py:50 - Epoch: [84][400/859] 	 loss: 0.01414, MAE: 0.11560, time/step=442ms, lr=4.10e-04
2025-08-11 19:45:46,007 - logger.py:50 - Epoch: [84][500/859] 	 loss: 0.01410, MAE: 0.11532, time/step=442ms, lr=4.10e-04
2025-08-11 19:46:30,077 - logger.py:50 - Epoch: [84][600/859] 	 loss: 0.01401, MAE: 0.11457, time/step=441ms, lr=4.10e-04
2025-08-11 19:47:14,077 - logger.py:50 - Epoch: [84][700/859] 	 loss: 0.01387, MAE: 0.11340, time/step=441ms, lr=4.10e-04
2025-08-11 19:47:58,286 - logger.py:50 - Epoch: [84][800/859] 	 loss: 0.01374, MAE: 0.11238, time/step=441ms, lr=4.10e-04
2025-08-11 19:48:23,847 - logger.py:50 - Epoch: [84][858/859] 	 loss: 0.01366, MAE: 0.11169, time/step=441ms, lr=4.10e-04
2025-08-11 19:48:45,402 - logger.py:50 - Epoch: [84] Target: [1] train MAE: 0.11169, val MAE: 0.09746, test MAE: 0.10101, Time: 400.65s
2025-08-11 19:48:45,403 - logger.py:50 - Best -- epoch=83, train MAE: 0.10689, val MAE: 0.09322, test MAE: 0.09930

2025-08-11 19:48:46,270 - logger.py:50 - Epoch: [85][0/859] 	 loss: 0.01081, MAE: 0.08841, time/step=866ms, lr=4.08e-04
2025-08-11 19:49:30,317 - logger.py:50 - Epoch: [85][100/859] 	 loss: 0.01322, MAE: 0.10810, time/step=445ms, lr=4.08e-04
2025-08-11 19:50:14,278 - logger.py:50 - Epoch: [85][200/859] 	 loss: 0.01320, MAE: 0.10793, time/step=442ms, lr=4.08e-04
2025-08-11 19:50:58,371 - logger.py:50 - Epoch: [85][300/859] 	 loss: 0.01282, MAE: 0.10486, time/step=442ms, lr=4.08e-04
2025-08-11 19:51:42,572 - logger.py:50 - Epoch: [85][400/859] 	 loss: 0.01281, MAE: 0.10473, time/step=442ms, lr=4.08e-04
2025-08-11 19:52:26,613 - logger.py:50 - Epoch: [85][500/859] 	 loss: 0.01295, MAE: 0.10589, time/step=442ms, lr=4.08e-04
2025-08-11 19:53:10,726 - logger.py:50 - Epoch: [85][600/859] 	 loss: 0.01307, MAE: 0.10691, time/step=441ms, lr=4.08e-04
2025-08-11 19:53:54,735 - logger.py:50 - Epoch: [85][700/859] 	 loss: 0.01307, MAE: 0.10686, time/step=441ms, lr=4.08e-04
2025-08-11 19:54:38,885 - logger.py:50 - Epoch: [85][800/859] 	 loss: 0.01301, MAE: 0.10639, time/step=441ms, lr=4.08e-04
2025-08-11 19:55:04,407 - logger.py:50 - Epoch: [85][858/859] 	 loss: 0.01303, MAE: 0.10658, time/step=441ms, lr=4.08e-04
2025-08-11 19:55:25,957 - logger.py:50 - Epoch: [85] Target: [1] train MAE: 0.10658, val MAE: 0.12490, test MAE: 0.12836, Time: 400.55s
2025-08-11 19:55:25,957 - logger.py:50 - Best -- epoch=83, train MAE: 0.10689, val MAE: 0.09322, test MAE: 0.09930

2025-08-11 19:55:26,799 - logger.py:50 - Epoch: [86][0/859] 	 loss: 0.01348, MAE: 0.11025, time/step=840ms, lr=4.05e-04
2025-08-11 19:56:10,827 - logger.py:50 - Epoch: [86][100/859] 	 loss: 0.01207, MAE: 0.09871, time/step=444ms, lr=4.05e-04
2025-08-11 19:56:54,800 - logger.py:50 - Epoch: [86][200/859] 	 loss: 0.01239, MAE: 0.10132, time/step=442ms, lr=4.05e-04
2025-08-11 19:57:39,013 - logger.py:50 - Epoch: [86][300/859] 	 loss: 0.01251, MAE: 0.10227, time/step=442ms, lr=4.05e-04
2025-08-11 19:58:22,930 - logger.py:50 - Epoch: [86][400/859] 	 loss: 0.01267, MAE: 0.10359, time/step=441ms, lr=4.05e-04
2025-08-11 19:59:06,957 - logger.py:50 - Epoch: [86][500/859] 	 loss: 0.01257, MAE: 0.10283, time/step=441ms, lr=4.05e-04
2025-08-11 19:59:50,832 - logger.py:50 - Epoch: [86][600/859] 	 loss: 0.01273, MAE: 0.10410, time/step=441ms, lr=4.05e-04
2025-08-11 20:00:34,946 - logger.py:50 - Epoch: [86][700/859] 	 loss: 0.01278, MAE: 0.10449, time/step=441ms, lr=4.05e-04
2025-08-11 20:01:19,237 - logger.py:50 - Epoch: [86][800/859] 	 loss: 0.01285, MAE: 0.10505, time/step=441ms, lr=4.05e-04
2025-08-11 20:01:44,761 - logger.py:50 - Epoch: [86][858/859] 	 loss: 0.01289, MAE: 0.10539, time/step=441ms, lr=4.05e-04
2025-08-11 20:02:06,311 - logger.py:50 - Epoch: [86] Target: [1] train MAE: 0.10539, val MAE: 0.09559, test MAE: 0.10090, Time: 400.35s
2025-08-11 20:02:06,311 - logger.py:50 - Best -- epoch=83, train MAE: 0.10689, val MAE: 0.09322, test MAE: 0.09930

2025-08-11 20:02:07,133 - logger.py:50 - Epoch: [87][0/859] 	 loss: 0.01592, MAE: 0.13022, time/step=820ms, lr=4.03e-04
2025-08-11 20:02:51,136 - logger.py:50 - Epoch: [87][100/859] 	 loss: 0.01314, MAE: 0.10746, time/step=444ms, lr=4.03e-04
2025-08-11 20:03:35,259 - logger.py:50 - Epoch: [87][200/859] 	 loss: 0.01296, MAE: 0.10602, time/step=443ms, lr=4.03e-04
2025-08-11 20:04:19,323 - logger.py:50 - Epoch: [87][300/859] 	 loss: 0.01291, MAE: 0.10555, time/step=442ms, lr=4.03e-04
2025-08-11 20:05:03,196 - logger.py:50 - Epoch: [87][400/859] 	 loss: 0.01302, MAE: 0.10644, time/step=441ms, lr=4.03e-04
2025-08-11 20:05:47,272 - logger.py:50 - Epoch: [87][500/859] 	 loss: 0.01310, MAE: 0.10715, time/step=441ms, lr=4.03e-04
2025-08-11 20:06:31,453 - logger.py:50 - Epoch: [87][600/859] 	 loss: 0.01296, MAE: 0.10601, time/step=441ms, lr=4.03e-04
2025-08-11 20:07:15,400 - logger.py:50 - Epoch: [87][700/859] 	 loss: 0.01289, MAE: 0.10544, time/step=441ms, lr=4.03e-04
2025-08-11 20:07:59,599 - logger.py:50 - Epoch: [87][800/859] 	 loss: 0.01290, MAE: 0.10553, time/step=441ms, lr=4.03e-04
2025-08-11 20:08:25,038 - logger.py:50 - Epoch: [87][858/859] 	 loss: 0.01288, MAE: 0.10536, time/step=441ms, lr=4.03e-04
2025-08-11 20:08:46,625 - logger.py:50 - Epoch: [87] Target: [1] train MAE: 0.10536, val MAE: 0.10585, test MAE: 0.11155, Time: 400.31s
2025-08-11 20:08:46,625 - logger.py:50 - Best -- epoch=83, train MAE: 0.10689, val MAE: 0.09322, test MAE: 0.09930

2025-08-11 20:08:47,446 - logger.py:50 - Epoch: [88][0/859] 	 loss: 0.01215, MAE: 0.09937, time/step=819ms, lr=4.01e-04
2025-08-11 20:09:31,390 - logger.py:50 - Epoch: [88][100/859] 	 loss: 0.01402, MAE: 0.11464, time/step=443ms, lr=4.01e-04
2025-08-11 20:10:15,315 - logger.py:50 - Epoch: [88][200/859] 	 loss: 0.01360, MAE: 0.11124, time/step=441ms, lr=4.01e-04
2025-08-11 20:10:59,353 - logger.py:50 - Epoch: [88][300/859] 	 loss: 0.01325, MAE: 0.10839, time/step=441ms, lr=4.01e-04
2025-08-11 20:11:43,510 - logger.py:50 - Epoch: [88][400/859] 	 loss: 0.01308, MAE: 0.10697, time/step=441ms, lr=4.01e-04
2025-08-11 20:12:27,714 - logger.py:50 - Epoch: [88][500/859] 	 loss: 0.01295, MAE: 0.10591, time/step=441ms, lr=4.01e-04
2025-08-11 20:13:11,924 - logger.py:50 - Epoch: [88][600/859] 	 loss: 0.01298, MAE: 0.10618, time/step=441ms, lr=4.01e-04
2025-08-11 20:13:56,046 - logger.py:50 - Epoch: [88][700/859] 	 loss: 0.01291, MAE: 0.10556, time/step=441ms, lr=4.01e-04
2025-08-11 20:14:40,145 - logger.py:50 - Epoch: [88][800/859] 	 loss: 0.01289, MAE: 0.10543, time/step=441ms, lr=4.01e-04
2025-08-11 20:15:05,682 - logger.py:50 - Epoch: [88][858/859] 	 loss: 0.01283, MAE: 0.10495, time/step=441ms, lr=4.01e-04
2025-08-11 20:15:27,821 - logger.py:50 - Epoch: [88] Target: [1] train MAE: 0.10495, val MAE: 0.10118, test MAE: 0.10607, Time: 401.20s
2025-08-11 20:15:27,821 - logger.py:50 - Best -- epoch=83, train MAE: 0.10689, val MAE: 0.09322, test MAE: 0.09930

2025-08-11 20:15:28,638 - logger.py:50 - Epoch: [89][0/859] 	 loss: 0.01062, MAE: 0.08688, time/step=815ms, lr=3.99e-04
2025-08-11 20:16:12,538 - logger.py:50 - Epoch: [89][100/859] 	 loss: 0.01276, MAE: 0.10438, time/step=443ms, lr=3.99e-04
2025-08-11 20:16:56,723 - logger.py:50 - Epoch: [89][200/859] 	 loss: 0.01278, MAE: 0.10454, time/step=442ms, lr=3.99e-04
2025-08-11 20:17:40,724 - logger.py:50 - Epoch: [89][300/859] 	 loss: 0.01326, MAE: 0.10843, time/step=442ms, lr=3.99e-04
2025-08-11 20:18:24,581 - logger.py:50 - Epoch: [89][400/859] 	 loss: 0.01324, MAE: 0.10825, time/step=441ms, lr=3.99e-04
2025-08-11 20:19:08,846 - logger.py:50 - Epoch: [89][500/859] 	 loss: 0.01317, MAE: 0.10773, time/step=441ms, lr=3.99e-04
2025-08-11 20:19:52,897 - logger.py:50 - Epoch: [89][600/859] 	 loss: 0.01303, MAE: 0.10653, time/step=441ms, lr=3.99e-04
2025-08-11 20:20:36,933 - logger.py:50 - Epoch: [89][700/859] 	 loss: 0.01307, MAE: 0.10688, time/step=441ms, lr=3.99e-04
2025-08-11 20:21:21,074 - logger.py:50 - Epoch: [89][800/859] 	 loss: 0.01299, MAE: 0.10623, time/step=441ms, lr=3.99e-04
2025-08-11 20:21:46,569 - logger.py:50 - Epoch: [89][858/859] 	 loss: 0.01294, MAE: 0.10583, time/step=441ms, lr=3.99e-04
2025-08-11 20:22:08,109 - logger.py:50 - Epoch: [89] Target: [1] train MAE: 0.10583, val MAE: 0.12637, test MAE: 0.13000, Time: 400.29s
2025-08-11 20:22:08,110 - logger.py:50 - Best -- epoch=83, train MAE: 0.10689, val MAE: 0.09322, test MAE: 0.09930

2025-08-11 20:22:08,940 - logger.py:50 - Epoch: [90][0/859] 	 loss: 0.01627, MAE: 0.13304, time/step=828ms, lr=3.97e-04
2025-08-11 20:22:53,069 - logger.py:50 - Epoch: [90][100/859] 	 loss: 0.01185, MAE: 0.09694, time/step=445ms, lr=3.97e-04
2025-08-11 20:23:37,329 - logger.py:50 - Epoch: [90][200/859] 	 loss: 0.01262, MAE: 0.10324, time/step=444ms, lr=3.97e-04
2025-08-11 20:24:21,350 - logger.py:50 - Epoch: [90][300/859] 	 loss: 0.01263, MAE: 0.10330, time/step=443ms, lr=3.97e-04
2025-08-11 20:25:05,288 - logger.py:50 - Epoch: [90][400/859] 	 loss: 0.01275, MAE: 0.10428, time/step=442ms, lr=3.97e-04
2025-08-11 20:25:49,344 - logger.py:50 - Epoch: [90][500/859] 	 loss: 0.01258, MAE: 0.10285, time/step=442ms, lr=3.97e-04
2025-08-11 20:26:33,415 - logger.py:50 - Epoch: [90][600/859] 	 loss: 0.01263, MAE: 0.10327, time/step=441ms, lr=3.97e-04
2025-08-11 20:27:17,412 - logger.py:50 - Epoch: [90][700/859] 	 loss: 0.01264, MAE: 0.10340, time/step=441ms, lr=3.97e-04
2025-08-11 20:28:01,356 - logger.py:50 - Epoch: [90][800/859] 	 loss: 0.01269, MAE: 0.10378, time/step=441ms, lr=3.97e-04
2025-08-11 20:28:26,738 - logger.py:50 - Epoch: [90][858/859] 	 loss: 0.01271, MAE: 0.10393, time/step=441ms, lr=3.97e-04
2025-08-11 20:28:48,258 - logger.py:50 - Epoch: [90] Target: [1] train MAE: 0.10393, val MAE: 0.09536, test MAE: 0.10001, Time: 400.15s
2025-08-11 20:28:48,259 - logger.py:50 - Best -- epoch=83, train MAE: 0.10689, val MAE: 0.09322, test MAE: 0.09930

2025-08-11 20:28:49,147 - logger.py:50 - Epoch: [91][0/859] 	 loss: 0.01160, MAE: 0.09483, time/step=886ms, lr=3.95e-04
2025-08-11 20:29:33,308 - logger.py:50 - Epoch: [91][100/859] 	 loss: 0.01256, MAE: 0.10271, time/step=446ms, lr=3.95e-04
2025-08-11 20:30:17,516 - logger.py:50 - Epoch: [91][200/859] 	 loss: 0.01247, MAE: 0.10198, time/step=444ms, lr=3.95e-04
2025-08-11 20:31:01,636 - logger.py:50 - Epoch: [91][300/859] 	 loss: 0.01245, MAE: 0.10183, time/step=443ms, lr=3.95e-04
2025-08-11 20:31:45,616 - logger.py:50 - Epoch: [91][400/859] 	 loss: 0.01255, MAE: 0.10265, time/step=442ms, lr=3.95e-04
2025-08-11 20:32:29,901 - logger.py:50 - Epoch: [91][500/859] 	 loss: 0.01262, MAE: 0.10317, time/step=442ms, lr=3.95e-04
2025-08-11 20:33:13,832 - logger.py:50 - Epoch: [91][600/859] 	 loss: 0.01260, MAE: 0.10308, time/step=442ms, lr=3.95e-04
2025-08-11 20:33:57,933 - logger.py:50 - Epoch: [91][700/859] 	 loss: 0.01253, MAE: 0.10245, time/step=442ms, lr=3.95e-04
2025-08-11 20:34:41,798 - logger.py:50 - Epoch: [91][800/859] 	 loss: 0.01254, MAE: 0.10254, time/step=441ms, lr=3.95e-04
2025-08-11 20:35:07,301 - logger.py:50 - Epoch: [91][858/859] 	 loss: 0.01252, MAE: 0.10238, time/step=441ms, lr=3.95e-04
2025-08-11 20:35:28,852 - logger.py:50 - Epoch: [91] Target: [1] train MAE: 0.10238, val MAE: 0.10325, test MAE: 0.10530, Time: 400.59s
2025-08-11 20:35:28,852 - logger.py:50 - Best -- epoch=83, train MAE: 0.10689, val MAE: 0.09322, test MAE: 0.09930

2025-08-11 20:35:29,668 - logger.py:50 - Epoch: [92][0/859] 	 loss: 0.01333, MAE: 0.10897, time/step=814ms, lr=3.93e-04
2025-08-11 20:36:13,801 - logger.py:50 - Epoch: [92][100/859] 	 loss: 0.01314, MAE: 0.10747, time/step=445ms, lr=3.93e-04
2025-08-11 20:36:57,743 - logger.py:50 - Epoch: [92][200/859] 	 loss: 0.01249, MAE: 0.10216, time/step=442ms, lr=3.93e-04
2025-08-11 20:37:41,653 - logger.py:50 - Epoch: [92][300/859] 	 loss: 0.01239, MAE: 0.10131, time/step=441ms, lr=3.93e-04
2025-08-11 20:38:25,916 - logger.py:50 - Epoch: [92][400/859] 	 loss: 0.01248, MAE: 0.10209, time/step=442ms, lr=3.93e-04
2025-08-11 20:39:09,855 - logger.py:50 - Epoch: [92][500/859] 	 loss: 0.01245, MAE: 0.10179, time/step=441ms, lr=3.93e-04
2025-08-11 20:39:54,102 - logger.py:50 - Epoch: [92][600/859] 	 loss: 0.01240, MAE: 0.10138, time/step=441ms, lr=3.93e-04
2025-08-11 20:40:38,123 - logger.py:50 - Epoch: [92][700/859] 	 loss: 0.01261, MAE: 0.10311, time/step=441ms, lr=3.93e-04
2025-08-11 20:41:22,044 - logger.py:50 - Epoch: [92][800/859] 	 loss: 0.01284, MAE: 0.10503, time/step=441ms, lr=3.93e-04
2025-08-11 20:41:47,609 - logger.py:50 - Epoch: [92][858/859] 	 loss: 0.01279, MAE: 0.10461, time/step=441ms, lr=3.93e-04
2025-08-11 20:42:09,137 - logger.py:50 - Epoch: [92] Target: [1] train MAE: 0.10461, val MAE: 0.08975, test MAE: 0.09402, Time: 400.28s
2025-08-11 20:42:09,137 - logger.py:50 - Best -- epoch=92, train MAE: 0.10461, val MAE: 0.08975, test MAE: 0.09402

2025-08-11 20:42:09,982 - logger.py:50 - Epoch: [93][0/859] 	 loss: 0.01004, MAE: 0.08214, time/step=844ms, lr=3.91e-04
2025-08-11 20:42:53,945 - logger.py:50 - Epoch: [93][100/859] 	 loss: 0.01222, MAE: 0.09994, time/step=444ms, lr=3.91e-04
2025-08-11 20:43:37,945 - logger.py:50 - Epoch: [93][200/859] 	 loss: 0.01283, MAE: 0.10492, time/step=442ms, lr=3.91e-04
2025-08-11 20:44:22,068 - logger.py:50 - Epoch: [93][300/859] 	 loss: 0.01267, MAE: 0.10365, time/step=442ms, lr=3.91e-04
2025-08-11 20:45:06,148 - logger.py:50 - Epoch: [93][400/859] 	 loss: 0.01258, MAE: 0.10289, time/step=441ms, lr=3.91e-04
2025-08-11 20:45:50,194 - logger.py:50 - Epoch: [93][500/859] 	 loss: 0.01245, MAE: 0.10179, time/step=441ms, lr=3.91e-04
2025-08-11 20:46:34,488 - logger.py:50 - Epoch: [93][600/859] 	 loss: 0.01260, MAE: 0.10302, time/step=442ms, lr=3.91e-04
2025-08-11 20:47:18,693 - logger.py:50 - Epoch: [93][700/859] 	 loss: 0.01253, MAE: 0.10244, time/step=442ms, lr=3.91e-04
2025-08-11 20:48:02,671 - logger.py:50 - Epoch: [93][800/859] 	 loss: 0.01246, MAE: 0.10191, time/step=441ms, lr=3.91e-04
2025-08-11 20:48:28,231 - logger.py:50 - Epoch: [93][858/859] 	 loss: 0.01249, MAE: 0.10215, time/step=441ms, lr=3.91e-04
2025-08-11 20:48:49,943 - logger.py:50 - Epoch: [93] Target: [1] train MAE: 0.10215, val MAE: 0.08825, test MAE: 0.09327, Time: 400.81s
2025-08-11 20:48:49,943 - logger.py:50 - Best -- epoch=93, train MAE: 0.10215, val MAE: 0.08825, test MAE: 0.09327

2025-08-11 20:48:50,795 - logger.py:50 - Epoch: [94][0/859] 	 loss: 0.00996, MAE: 0.08148, time/step=849ms, lr=3.89e-04
2025-08-11 20:49:35,339 - logger.py:50 - Epoch: [94][100/859] 	 loss: 0.01181, MAE: 0.09655, time/step=449ms, lr=3.89e-04
2025-08-11 20:50:19,671 - logger.py:50 - Epoch: [94][200/859] 	 loss: 0.01160, MAE: 0.09485, time/step=446ms, lr=3.89e-04
2025-08-11 20:51:04,089 - logger.py:50 - Epoch: [94][300/859] 	 loss: 0.01167, MAE: 0.09541, time/step=446ms, lr=3.89e-04
2025-08-11 20:51:48,436 - logger.py:50 - Epoch: [94][400/859] 	 loss: 0.01204, MAE: 0.09842, time/step=445ms, lr=3.89e-04
2025-08-11 20:52:32,822 - logger.py:50 - Epoch: [94][500/859] 	 loss: 0.01203, MAE: 0.09841, time/step=445ms, lr=3.89e-04
2025-08-11 20:53:16,769 - logger.py:50 - Epoch: [94][600/859] 	 loss: 0.01217, MAE: 0.09956, time/step=444ms, lr=3.89e-04
2025-08-11 20:54:01,345 - logger.py:50 - Epoch: [94][700/859] 	 loss: 0.01216, MAE: 0.09941, time/step=444ms, lr=3.89e-04
2025-08-11 20:54:45,815 - logger.py:50 - Epoch: [94][800/859] 	 loss: 0.01224, MAE: 0.10012, time/step=444ms, lr=3.89e-04
2025-08-11 20:55:11,488 - logger.py:50 - Epoch: [94][858/859] 	 loss: 0.01221, MAE: 0.09987, time/step=444ms, lr=3.89e-04
2025-08-11 20:55:33,249 - logger.py:50 - Epoch: [94] Target: [1] train MAE: 0.09987, val MAE: 0.09761, test MAE: 0.10396, Time: 403.31s
2025-08-11 20:55:33,249 - logger.py:50 - Best -- epoch=93, train MAE: 0.10215, val MAE: 0.08825, test MAE: 0.09327

2025-08-11 20:55:34,111 - logger.py:50 - Epoch: [95][0/859] 	 loss: 0.01137, MAE: 0.09296, time/step=860ms, lr=3.86e-04
2025-08-11 20:56:18,708 - logger.py:50 - Epoch: [95][100/859] 	 loss: 0.01123, MAE: 0.09186, time/step=450ms, lr=3.86e-04
2025-08-11 20:57:02,914 - logger.py:50 - Epoch: [95][200/859] 	 loss: 0.01125, MAE: 0.09200, time/step=446ms, lr=3.86e-04
2025-08-11 20:57:47,091 - logger.py:50 - Epoch: [95][300/859] 	 loss: 0.01132, MAE: 0.09256, time/step=445ms, lr=3.86e-04
2025-08-11 20:58:31,450 - logger.py:50 - Epoch: [95][400/859] 	 loss: 0.01128, MAE: 0.09222, time/step=444ms, lr=3.86e-04
2025-08-11 20:59:15,837 - logger.py:50 - Epoch: [95][500/859] 	 loss: 0.01144, MAE: 0.09353, time/step=444ms, lr=3.86e-04
2025-08-11 21:00:00,283 - logger.py:50 - Epoch: [95][600/859] 	 loss: 0.01163, MAE: 0.09510, time/step=444ms, lr=3.86e-04
2025-08-11 21:00:44,669 - logger.py:50 - Epoch: [95][700/859] 	 loss: 0.01165, MAE: 0.09531, time/step=444ms, lr=3.86e-04
2025-08-11 21:01:28,833 - logger.py:50 - Epoch: [95][800/859] 	 loss: 0.01182, MAE: 0.09666, time/step=444ms, lr=3.86e-04
2025-08-11 21:01:54,344 - logger.py:50 - Epoch: [95][858/859] 	 loss: 0.01184, MAE: 0.09686, time/step=444ms, lr=3.86e-04
2025-08-11 21:02:16,057 - logger.py:50 - Epoch: [95] Target: [1] train MAE: 0.09686, val MAE: 0.10048, test MAE: 0.10535, Time: 402.81s
2025-08-11 21:02:16,057 - logger.py:50 - Best -- epoch=93, train MAE: 0.10215, val MAE: 0.08825, test MAE: 0.09327

2025-08-11 21:02:16,935 - logger.py:50 - Epoch: [96][0/859] 	 loss: 0.01112, MAE: 0.09091, time/step=876ms, lr=3.84e-04
2025-08-11 21:03:00,966 - logger.py:50 - Epoch: [96][100/859] 	 loss: 0.01150, MAE: 0.09401, time/step=445ms, lr=3.84e-04
2025-08-11 21:03:45,379 - logger.py:50 - Epoch: [96][200/859] 	 loss: 0.01244, MAE: 0.10176, time/step=444ms, lr=3.84e-04
2025-08-11 21:04:29,840 - logger.py:50 - Epoch: [96][300/859] 	 loss: 0.01261, MAE: 0.10313, time/step=444ms, lr=3.84e-04
2025-08-11 21:05:14,193 - logger.py:50 - Epoch: [96][400/859] 	 loss: 0.01238, MAE: 0.10121, time/step=444ms, lr=3.84e-04
2025-08-11 21:05:58,477 - logger.py:50 - Epoch: [96][500/859] 	 loss: 0.01230, MAE: 0.10060, time/step=444ms, lr=3.84e-04
2025-08-11 21:06:42,739 - logger.py:50 - Epoch: [96][600/859] 	 loss: 0.01253, MAE: 0.10245, time/step=444ms, lr=3.84e-04
2025-08-11 21:07:27,060 - logger.py:50 - Epoch: [96][700/859] 	 loss: 0.01248, MAE: 0.10207, time/step=444ms, lr=3.84e-04
2025-08-11 21:08:11,263 - logger.py:50 - Epoch: [96][800/859] 	 loss: 0.01278, MAE: 0.10449, time/step=443ms, lr=3.84e-04
2025-08-11 21:08:36,986 - logger.py:50 - Epoch: [96][858/859] 	 loss: 0.01280, MAE: 0.10468, time/step=443ms, lr=3.84e-04
2025-08-11 21:08:58,584 - logger.py:50 - Epoch: [96] Target: [1] train MAE: 0.10468, val MAE: 0.10524, test MAE: 0.10840, Time: 402.53s
2025-08-11 21:08:58,584 - logger.py:50 - Best -- epoch=93, train MAE: 0.10215, val MAE: 0.08825, test MAE: 0.09327

2025-08-11 21:08:59,450 - logger.py:50 - Epoch: [97][0/859] 	 loss: 0.01198, MAE: 0.09795, time/step=865ms, lr=3.82e-04
2025-08-11 21:09:43,546 - logger.py:50 - Epoch: [97][100/859] 	 loss: 0.01341, MAE: 0.10966, time/step=445ms, lr=3.82e-04
2025-08-11 21:10:27,482 - logger.py:50 - Epoch: [97][200/859] 	 loss: 0.01269, MAE: 0.10375, time/step=442ms, lr=3.82e-04
2025-08-11 21:11:11,624 - logger.py:50 - Epoch: [97][300/859] 	 loss: 0.01250, MAE: 0.10222, time/step=442ms, lr=3.82e-04
2025-08-11 21:11:55,864 - logger.py:50 - Epoch: [97][400/859] 	 loss: 0.01252, MAE: 0.10240, time/step=442ms, lr=3.82e-04
2025-08-11 21:12:39,949 - logger.py:50 - Epoch: [97][500/859] 	 loss: 0.01242, MAE: 0.10153, time/step=442ms, lr=3.82e-04
2025-08-11 21:13:24,130 - logger.py:50 - Epoch: [97][600/859] 	 loss: 0.01248, MAE: 0.10205, time/step=442ms, lr=3.82e-04
2025-08-11 21:14:08,381 - logger.py:50 - Epoch: [97][700/859] 	 loss: 0.01234, MAE: 0.10094, time/step=442ms, lr=3.82e-04
2025-08-11 21:14:52,646 - logger.py:50 - Epoch: [97][800/859] 	 loss: 0.01231, MAE: 0.10066, time/step=442ms, lr=3.82e-04
2025-08-11 21:15:18,403 - logger.py:50 - Epoch: [97][858/859] 	 loss: 0.01224, MAE: 0.10006, time/step=442ms, lr=3.82e-04
2025-08-11 21:15:40,084 - logger.py:50 - Epoch: [97] Target: [1] train MAE: 0.10006, val MAE: 0.09288, test MAE: 0.09676, Time: 401.50s
2025-08-11 21:15:40,084 - logger.py:50 - Best -- epoch=93, train MAE: 0.10215, val MAE: 0.08825, test MAE: 0.09327

2025-08-11 21:15:40,913 - logger.py:50 - Epoch: [98][0/859] 	 loss: 0.01046, MAE: 0.08554, time/step=826ms, lr=3.80e-04
2025-08-11 21:16:25,153 - logger.py:50 - Epoch: [98][100/859] 	 loss: 0.01186, MAE: 0.09702, time/step=446ms, lr=3.80e-04
2025-08-11 21:17:09,338 - logger.py:50 - Epoch: [98][200/859] 	 loss: 0.01215, MAE: 0.09933, time/step=444ms, lr=3.80e-04
2025-08-11 21:17:53,614 - logger.py:50 - Epoch: [98][300/859] 	 loss: 0.01197, MAE: 0.09785, time/step=444ms, lr=3.80e-04
2025-08-11 21:18:37,920 - logger.py:50 - Epoch: [98][400/859] 	 loss: 0.01198, MAE: 0.09794, time/step=443ms, lr=3.80e-04
2025-08-11 21:19:22,080 - logger.py:50 - Epoch: [98][500/859] 	 loss: 0.01197, MAE: 0.09788, time/step=443ms, lr=3.80e-04
2025-08-11 21:20:06,271 - logger.py:50 - Epoch: [98][600/859] 	 loss: 0.01188, MAE: 0.09718, time/step=443ms, lr=3.80e-04
2025-08-11 21:20:50,308 - logger.py:50 - Epoch: [98][700/859] 	 loss: 0.01181, MAE: 0.09654, time/step=443ms, lr=3.80e-04
2025-08-11 21:21:34,593 - logger.py:50 - Epoch: [98][800/859] 	 loss: 0.01182, MAE: 0.09665, time/step=443ms, lr=3.80e-04
2025-08-11 21:22:00,155 - logger.py:50 - Epoch: [98][858/859] 	 loss: 0.01184, MAE: 0.09682, time/step=442ms, lr=3.80e-04
2025-08-11 21:22:21,826 - logger.py:50 - Epoch: [98] Target: [1] train MAE: 0.09682, val MAE: 0.09030, test MAE: 0.09669, Time: 401.74s
2025-08-11 21:22:21,826 - logger.py:50 - Best -- epoch=93, train MAE: 0.10215, val MAE: 0.08825, test MAE: 0.09327

2025-08-11 21:22:22,656 - logger.py:50 - Epoch: [99][0/859] 	 loss: 0.01185, MAE: 0.09692, time/step=828ms, lr=3.78e-04
2025-08-11 21:23:06,900 - logger.py:50 - Epoch: [99][100/859] 	 loss: 0.01094, MAE: 0.08948, time/step=446ms, lr=3.78e-04
2025-08-11 21:23:50,969 - logger.py:50 - Epoch: [99][200/859] 	 loss: 0.01151, MAE: 0.09415, time/step=443ms, lr=3.78e-04
2025-08-11 21:24:34,985 - logger.py:50 - Epoch: [99][300/859] 	 loss: 0.01141, MAE: 0.09328, time/step=442ms, lr=3.78e-04
2025-08-11 21:25:19,004 - logger.py:50 - Epoch: [99][400/859] 	 loss: 0.01138, MAE: 0.09303, time/step=442ms, lr=3.78e-04
2025-08-11 21:26:03,336 - logger.py:50 - Epoch: [99][500/859] 	 loss: 0.01158, MAE: 0.09472, time/step=442ms, lr=3.78e-04
2025-08-11 21:26:47,565 - logger.py:50 - Epoch: [99][600/859] 	 loss: 0.01149, MAE: 0.09394, time/step=442ms, lr=3.78e-04
2025-08-11 21:27:31,762 - logger.py:50 - Epoch: [99][700/859] 	 loss: 0.01155, MAE: 0.09445, time/step=442ms, lr=3.78e-04
2025-08-11 21:28:16,052 - logger.py:50 - Epoch: [99][800/859] 	 loss: 0.01156, MAE: 0.09452, time/step=442ms, lr=3.78e-04
2025-08-11 21:28:41,845 - logger.py:50 - Epoch: [99][858/859] 	 loss: 0.01159, MAE: 0.09475, time/step=442ms, lr=3.78e-04
2025-08-11 21:29:03,500 - logger.py:50 - Epoch: [99] Target: [1] train MAE: 0.09475, val MAE: 0.13336, test MAE: 0.13635, Time: 401.67s
2025-08-11 21:29:03,500 - logger.py:50 - Best -- epoch=93, train MAE: 0.10215, val MAE: 0.08825, test MAE: 0.09327

2025-08-11 21:29:04,360 - logger.py:50 - Epoch: [100][0/859] 	 loss: 0.01467, MAE: 0.11995, time/step=858ms, lr=3.75e-04
2025-08-11 21:29:48,485 - logger.py:50 - Epoch: [100][100/859] 	 loss: 0.01167, MAE: 0.09546, time/step=445ms, lr=3.75e-04
2025-08-11 21:30:32,722 - logger.py:50 - Epoch: [100][200/859] 	 loss: 0.01165, MAE: 0.09529, time/step=444ms, lr=3.75e-04
2025-08-11 21:31:16,791 - logger.py:50 - Epoch: [100][300/859] 	 loss: 0.01172, MAE: 0.09584, time/step=443ms, lr=3.75e-04
2025-08-11 21:32:01,046 - logger.py:50 - Epoch: [100][400/859] 	 loss: 0.01157, MAE: 0.09463, time/step=443ms, lr=3.75e-04
2025-08-11 21:32:45,037 - logger.py:50 - Epoch: [100][500/859] 	 loss: 0.01153, MAE: 0.09430, time/step=442ms, lr=3.75e-04
2025-08-11 21:33:29,152 - logger.py:50 - Epoch: [100][600/859] 	 loss: 0.01167, MAE: 0.09543, time/step=442ms, lr=3.75e-04
2025-08-11 21:34:13,580 - logger.py:50 - Epoch: [100][700/859] 	 loss: 0.01181, MAE: 0.09660, time/step=442ms, lr=3.75e-04
2025-08-11 21:34:57,814 - logger.py:50 - Epoch: [100][800/859] 	 loss: 0.01186, MAE: 0.09701, time/step=442ms, lr=3.75e-04
2025-08-11 21:35:23,349 - logger.py:50 - Epoch: [100][858/859] 	 loss: 0.01187, MAE: 0.09708, time/step=442ms, lr=3.75e-04
2025-08-11 21:35:44,870 - logger.py:50 - Epoch: [100] Target: [1] train MAE: 0.09708, val MAE: 0.08714, test MAE: 0.09245, Time: 401.37s
2025-08-11 21:35:44,870 - logger.py:50 - Best -- epoch=100, train MAE: 0.09708, val MAE: 0.08714, test MAE: 0.09245

2025-08-11 21:35:45,751 - logger.py:50 - Epoch: [101][0/859] 	 loss: 0.01022, MAE: 0.08358, time/step=879ms, lr=3.73e-04
2025-08-11 21:36:29,832 - logger.py:50 - Epoch: [101][100/859] 	 loss: 0.01078, MAE: 0.08817, time/step=445ms, lr=3.73e-04
2025-08-11 21:37:13,937 - logger.py:50 - Epoch: [101][200/859] 	 loss: 0.01100, MAE: 0.08996, time/step=443ms, lr=3.73e-04
2025-08-11 21:37:58,166 - logger.py:50 - Epoch: [101][300/859] 	 loss: 0.01115, MAE: 0.09115, time/step=443ms, lr=3.73e-04
2025-08-11 21:38:42,262 - logger.py:50 - Epoch: [101][400/859] 	 loss: 0.01133, MAE: 0.09261, time/step=442ms, lr=3.73e-04
2025-08-11 21:39:26,256 - logger.py:50 - Epoch: [101][500/859] 	 loss: 0.01124, MAE: 0.09188, time/step=442ms, lr=3.73e-04
2025-08-11 21:40:10,313 - logger.py:50 - Epoch: [101][600/859] 	 loss: 0.01143, MAE: 0.09345, time/step=442ms, lr=3.73e-04
2025-08-11 21:40:54,563 - logger.py:50 - Epoch: [101][700/859] 	 loss: 0.01151, MAE: 0.09410, time/step=442ms, lr=3.73e-04
2025-08-11 21:41:38,571 - logger.py:50 - Epoch: [101][800/859] 	 loss: 0.01156, MAE: 0.09454, time/step=442ms, lr=3.73e-04
2025-08-11 21:42:04,213 - logger.py:50 - Epoch: [101][858/859] 	 loss: 0.01159, MAE: 0.09480, time/step=442ms, lr=3.73e-04
2025-08-11 21:42:25,785 - logger.py:50 - Epoch: [101] Target: [1] train MAE: 0.09480, val MAE: 0.12675, test MAE: 0.13290, Time: 400.91s
2025-08-11 21:42:25,785 - logger.py:50 - Best -- epoch=100, train MAE: 0.09708, val MAE: 0.08714, test MAE: 0.09245

2025-08-11 21:42:26,634 - logger.py:50 - Epoch: [102][0/859] 	 loss: 0.01462, MAE: 0.11958, time/step=847ms, lr=3.71e-04
2025-08-11 21:43:10,597 - logger.py:50 - Epoch: [102][100/859] 	 loss: 0.01089, MAE: 0.08904, time/step=444ms, lr=3.71e-04
2025-08-11 21:43:54,489 - logger.py:50 - Epoch: [102][200/859] 	 loss: 0.01133, MAE: 0.09267, time/step=441ms, lr=3.71e-04
2025-08-11 21:44:38,628 - logger.py:50 - Epoch: [102][300/859] 	 loss: 0.01149, MAE: 0.09397, time/step=441ms, lr=3.71e-04
2025-08-11 21:45:22,728 - logger.py:50 - Epoch: [102][400/859] 	 loss: 0.01134, MAE: 0.09277, time/step=441ms, lr=3.71e-04
2025-08-11 21:46:06,801 - logger.py:50 - Epoch: [102][500/859] 	 loss: 0.01144, MAE: 0.09358, time/step=441ms, lr=3.71e-04
2025-08-11 21:46:51,032 - logger.py:50 - Epoch: [102][600/859] 	 loss: 0.01143, MAE: 0.09350, time/step=441ms, lr=3.71e-04
2025-08-11 21:47:35,085 - logger.py:50 - Epoch: [102][700/859] 	 loss: 0.01160, MAE: 0.09485, time/step=441ms, lr=3.71e-04
2025-08-11 21:48:19,019 - logger.py:50 - Epoch: [102][800/859] 	 loss: 0.01162, MAE: 0.09503, time/step=441ms, lr=3.71e-04
2025-08-11 21:48:44,580 - logger.py:50 - Epoch: [102][858/859] 	 loss: 0.01165, MAE: 0.09529, time/step=441ms, lr=3.71e-04
2025-08-11 21:49:06,119 - logger.py:50 - Epoch: [102] Target: [1] train MAE: 0.09529, val MAE: 0.09726, test MAE: 0.10132, Time: 400.33s
2025-08-11 21:49:06,119 - logger.py:50 - Best -- epoch=100, train MAE: 0.09708, val MAE: 0.08714, test MAE: 0.09245

2025-08-11 21:49:06,935 - logger.py:50 - Epoch: [103][0/859] 	 loss: 0.01030, MAE: 0.08420, time/step=814ms, lr=3.68e-04
2025-08-11 21:49:50,955 - logger.py:50 - Epoch: [103][100/859] 	 loss: 0.01068, MAE: 0.08735, time/step=444ms, lr=3.68e-04
2025-08-11 21:50:34,828 - logger.py:50 - Epoch: [103][200/859] 	 loss: 0.01059, MAE: 0.08658, time/step=441ms, lr=3.68e-04
2025-08-11 21:51:18,906 - logger.py:50 - Epoch: [103][300/859] 	 loss: 0.01085, MAE: 0.08873, time/step=441ms, lr=3.68e-04
2025-08-11 21:52:03,002 - logger.py:50 - Epoch: [103][400/859] 	 loss: 0.01092, MAE: 0.08931, time/step=441ms, lr=3.68e-04
2025-08-11 21:52:47,016 - logger.py:50 - Epoch: [103][500/859] 	 loss: 0.01117, MAE: 0.09130, time/step=441ms, lr=3.68e-04
2025-08-11 21:53:30,975 - logger.py:50 - Epoch: [103][600/859] 	 loss: 0.01121, MAE: 0.09169, time/step=441ms, lr=3.68e-04
2025-08-11 21:54:14,921 - logger.py:50 - Epoch: [103][700/859] 	 loss: 0.01122, MAE: 0.09177, time/step=441ms, lr=3.68e-04
2025-08-11 21:54:59,177 - logger.py:50 - Epoch: [103][800/859] 	 loss: 0.01120, MAE: 0.09162, time/step=441ms, lr=3.68e-04
2025-08-11 21:55:24,744 - logger.py:50 - Epoch: [103][858/859] 	 loss: 0.01126, MAE: 0.09211, time/step=441ms, lr=3.68e-04
2025-08-11 21:55:46,307 - logger.py:50 - Epoch: [103] Target: [1] train MAE: 0.09211, val MAE: 0.11861, test MAE: 0.12436, Time: 400.19s
2025-08-11 21:55:46,307 - logger.py:50 - Best -- epoch=100, train MAE: 0.09708, val MAE: 0.08714, test MAE: 0.09245

2025-08-11 21:55:47,148 - logger.py:50 - Epoch: [104][0/859] 	 loss: 0.01493, MAE: 0.12208, time/step=840ms, lr=3.66e-04
2025-08-11 21:56:31,289 - logger.py:50 - Epoch: [104][100/859] 	 loss: 0.01294, MAE: 0.10583, time/step=445ms, lr=3.66e-04
2025-08-11 21:57:15,278 - logger.py:50 - Epoch: [104][200/859] 	 loss: 0.01242, MAE: 0.10161, time/step=443ms, lr=3.66e-04
2025-08-11 21:57:59,301 - logger.py:50 - Epoch: [104][300/859] 	 loss: 0.01221, MAE: 0.09984, time/step=442ms, lr=3.66e-04
2025-08-11 21:58:43,376 - logger.py:50 - Epoch: [104][400/859] 	 loss: 0.01215, MAE: 0.09933, time/step=442ms, lr=3.66e-04
2025-08-11 21:59:27,456 - logger.py:50 - Epoch: [104][500/859] 	 loss: 0.01197, MAE: 0.09793, time/step=441ms, lr=3.66e-04
2025-08-11 22:00:11,614 - logger.py:50 - Epoch: [104][600/859] 	 loss: 0.01178, MAE: 0.09634, time/step=441ms, lr=3.66e-04
2025-08-11 22:00:55,695 - logger.py:50 - Epoch: [104][700/859] 	 loss: 0.01171, MAE: 0.09578, time/step=441ms, lr=3.66e-04
2025-08-11 22:01:39,746 - logger.py:50 - Epoch: [104][800/859] 	 loss: 0.01166, MAE: 0.09537, time/step=441ms, lr=3.66e-04
2025-08-11 22:02:05,236 - logger.py:50 - Epoch: [104][858/859] 	 loss: 0.01166, MAE: 0.09537, time/step=441ms, lr=3.66e-04
2025-08-11 22:02:26,743 - logger.py:50 - Epoch: [104] Target: [1] train MAE: 0.09537, val MAE: 0.11252, test MAE: 0.11860, Time: 400.44s
2025-08-11 22:02:26,743 - logger.py:50 - Best -- epoch=100, train MAE: 0.09708, val MAE: 0.08714, test MAE: 0.09245

2025-08-11 22:02:27,590 - logger.py:50 - Epoch: [105][0/859] 	 loss: 0.01393, MAE: 0.11390, time/step=845ms, lr=3.64e-04
2025-08-11 22:03:11,654 - logger.py:50 - Epoch: [105][100/859] 	 loss: 0.01137, MAE: 0.09295, time/step=445ms, lr=3.64e-04
2025-08-11 22:03:55,673 - logger.py:50 - Epoch: [105][200/859] 	 loss: 0.01122, MAE: 0.09177, time/step=442ms, lr=3.64e-04
2025-08-11 22:04:39,790 - logger.py:50 - Epoch: [105][300/859] 	 loss: 0.01107, MAE: 0.09055, time/step=442ms, lr=3.64e-04
2025-08-11 22:05:23,945 - logger.py:50 - Epoch: [105][400/859] 	 loss: 0.01119, MAE: 0.09152, time/step=442ms, lr=3.64e-04
2025-08-11 22:06:08,009 - logger.py:50 - Epoch: [105][500/859] 	 loss: 0.01136, MAE: 0.09289, time/step=442ms, lr=3.64e-04
2025-08-11 22:06:51,939 - logger.py:50 - Epoch: [105][600/859] 	 loss: 0.01136, MAE: 0.09294, time/step=441ms, lr=3.64e-04
2025-08-11 22:07:35,994 - logger.py:50 - Epoch: [105][700/859] 	 loss: 0.01127, MAE: 0.09217, time/step=441ms, lr=3.64e-04
2025-08-11 22:08:20,100 - logger.py:50 - Epoch: [105][800/859] 	 loss: 0.01132, MAE: 0.09260, time/step=441ms, lr=3.64e-04
2025-08-11 22:08:45,554 - logger.py:50 - Epoch: [105][858/859] 	 loss: 0.01132, MAE: 0.09255, time/step=441ms, lr=3.64e-04
2025-08-11 22:09:07,056 - logger.py:50 - Epoch: [105] Target: [1] train MAE: 0.09255, val MAE: 0.08321, test MAE: 0.08668, Time: 400.31s
2025-08-11 22:09:07,056 - logger.py:50 - Best -- epoch=105, train MAE: 0.09255, val MAE: 0.08321, test MAE: 0.08668

2025-08-11 22:09:07,910 - logger.py:50 - Epoch: [106][0/859] 	 loss: 0.01015, MAE: 0.08299, time/step=852ms, lr=3.61e-04
2025-08-11 22:09:52,309 - logger.py:50 - Epoch: [106][100/859] 	 loss: 0.01081, MAE: 0.08841, time/step=448ms, lr=3.61e-04
2025-08-11 22:10:36,713 - logger.py:50 - Epoch: [106][200/859] 	 loss: 0.01086, MAE: 0.08882, time/step=446ms, lr=3.61e-04
2025-08-11 22:11:21,048 - logger.py:50 - Epoch: [106][300/859] 	 loss: 0.01103, MAE: 0.09018, time/step=445ms, lr=3.61e-04
2025-08-11 22:12:05,511 - logger.py:50 - Epoch: [106][400/859] 	 loss: 0.01103, MAE: 0.09017, time/step=445ms, lr=3.61e-04
2025-08-11 22:12:49,981 - logger.py:50 - Epoch: [106][500/859] 	 loss: 0.01101, MAE: 0.09000, time/step=445ms, lr=3.61e-04
2025-08-11 22:13:34,230 - logger.py:50 - Epoch: [106][600/859] 	 loss: 0.01106, MAE: 0.09043, time/step=445ms, lr=3.61e-04
2025-08-11 22:14:18,449 - logger.py:50 - Epoch: [106][700/859] 	 loss: 0.01112, MAE: 0.09090, time/step=444ms, lr=3.61e-04
2025-08-11 22:15:02,720 - logger.py:50 - Epoch: [106][800/859] 	 loss: 0.01116, MAE: 0.09126, time/step=444ms, lr=3.61e-04
2025-08-11 22:15:28,318 - logger.py:50 - Epoch: [106][858/859] 	 loss: 0.01117, MAE: 0.09137, time/step=444ms, lr=3.61e-04
2025-08-11 22:15:50,052 - logger.py:50 - Epoch: [106] Target: [1] train MAE: 0.09137, val MAE: 0.10075, test MAE: 0.10645, Time: 403.00s
2025-08-11 22:15:50,052 - logger.py:50 - Best -- epoch=105, train MAE: 0.09255, val MAE: 0.08321, test MAE: 0.08668

2025-08-11 22:15:50,909 - logger.py:50 - Epoch: [107][0/859] 	 loss: 0.00961, MAE: 0.07861, time/step=854ms, lr=3.59e-04
2025-08-11 22:16:35,198 - logger.py:50 - Epoch: [107][100/859] 	 loss: 0.01129, MAE: 0.09231, time/step=447ms, lr=3.59e-04
2025-08-11 22:17:19,490 - logger.py:50 - Epoch: [107][200/859] 	 loss: 0.01277, MAE: 0.10445, time/step=445ms, lr=3.59e-04
2025-08-11 22:18:03,975 - logger.py:50 - Epoch: [107][300/859] 	 loss: 0.01279, MAE: 0.10461, time/step=445ms, lr=3.59e-04
2025-08-11 22:18:48,343 - logger.py:50 - Epoch: [107][400/859] 	 loss: 0.01231, MAE: 0.10070, time/step=445ms, lr=3.59e-04
2025-08-11 22:19:32,638 - logger.py:50 - Epoch: [107][500/859] 	 loss: 0.01217, MAE: 0.09948, time/step=444ms, lr=3.59e-04
2025-08-11 22:20:16,797 - logger.py:50 - Epoch: [107][600/859] 	 loss: 0.01189, MAE: 0.09726, time/step=444ms, lr=3.59e-04
2025-08-11 22:21:00,873 - logger.py:50 - Epoch: [107][700/859] 	 loss: 0.01185, MAE: 0.09690, time/step=443ms, lr=3.59e-04
2025-08-11 22:21:45,269 - logger.py:50 - Epoch: [107][800/859] 	 loss: 0.01171, MAE: 0.09580, time/step=443ms, lr=3.59e-04
2025-08-11 22:22:10,906 - logger.py:50 - Epoch: [107][858/859] 	 loss: 0.01167, MAE: 0.09545, time/step=443ms, lr=3.59e-04
2025-08-11 22:22:33,249 - logger.py:50 - Epoch: [107] Target: [1] train MAE: 0.09545, val MAE: 0.08587, test MAE: 0.09043, Time: 403.20s
2025-08-11 22:22:33,249 - logger.py:50 - Best -- epoch=105, train MAE: 0.09255, val MAE: 0.08321, test MAE: 0.08668

2025-08-11 22:22:34,115 - logger.py:50 - Epoch: [108][0/859] 	 loss: 0.01029, MAE: 0.08412, time/step=865ms, lr=3.57e-04
2025-08-11 22:23:18,223 - logger.py:50 - Epoch: [108][100/859] 	 loss: 0.01187, MAE: 0.09709, time/step=445ms, lr=3.57e-04
2025-08-11 22:24:02,808 - logger.py:50 - Epoch: [108][200/859] 	 loss: 0.01112, MAE: 0.09092, time/step=446ms, lr=3.57e-04
2025-08-11 22:24:47,179 - logger.py:50 - Epoch: [108][300/859] 	 loss: 0.01097, MAE: 0.08975, time/step=445ms, lr=3.57e-04
2025-08-11 22:25:31,437 - logger.py:50 - Epoch: [108][400/859] 	 loss: 0.01089, MAE: 0.08902, time/step=444ms, lr=3.57e-04
2025-08-11 22:26:15,549 - logger.py:50 - Epoch: [108][500/859] 	 loss: 0.01082, MAE: 0.08851, time/step=444ms, lr=3.57e-04
2025-08-11 22:26:59,597 - logger.py:50 - Epoch: [108][600/859] 	 loss: 0.01085, MAE: 0.08870, time/step=443ms, lr=3.57e-04
2025-08-11 22:27:43,913 - logger.py:50 - Epoch: [108][700/859] 	 loss: 0.01085, MAE: 0.08872, time/step=443ms, lr=3.57e-04
2025-08-11 22:28:27,955 - logger.py:50 - Epoch: [108][800/859] 	 loss: 0.01091, MAE: 0.08920, time/step=443ms, lr=3.57e-04
2025-08-11 22:28:53,633 - logger.py:50 - Epoch: [108][858/859] 	 loss: 0.01091, MAE: 0.08925, time/step=443ms, lr=3.57e-04
2025-08-11 22:29:15,210 - logger.py:50 - Epoch: [108] Target: [1] train MAE: 0.08925, val MAE: 0.07715, test MAE: 0.08121, Time: 401.96s
2025-08-11 22:29:15,210 - logger.py:50 - Best -- epoch=108, train MAE: 0.08925, val MAE: 0.07715, test MAE: 0.08121

2025-08-11 22:29:16,035 - logger.py:50 - Epoch: [109][0/859] 	 loss: 0.01034, MAE: 0.08452, time/step=823ms, lr=3.54e-04
2025-08-11 22:30:00,260 - logger.py:50 - Epoch: [109][100/859] 	 loss: 0.01026, MAE: 0.08393, time/step=446ms, lr=3.54e-04
2025-08-11 22:30:44,527 - logger.py:50 - Epoch: [109][200/859] 	 loss: 0.01048, MAE: 0.08570, time/step=444ms, lr=3.54e-04
2025-08-11 22:31:28,775 - logger.py:50 - Epoch: [109][300/859] 	 loss: 0.01072, MAE: 0.08763, time/step=444ms, lr=3.54e-04
2025-08-11 22:32:12,874 - logger.py:50 - Epoch: [109][400/859] 	 loss: 0.01075, MAE: 0.08793, time/step=443ms, lr=3.54e-04
2025-08-11 22:32:57,202 - logger.py:50 - Epoch: [109][500/859] 	 loss: 0.01069, MAE: 0.08740, time/step=443ms, lr=3.54e-04
2025-08-11 22:33:41,395 - logger.py:50 - Epoch: [109][600/859] 	 loss: 0.01068, MAE: 0.08734, time/step=443ms, lr=3.54e-04
2025-08-11 22:34:25,573 - logger.py:50 - Epoch: [109][700/859] 	 loss: 0.01071, MAE: 0.08757, time/step=443ms, lr=3.54e-04
2025-08-11 22:35:09,810 - logger.py:50 - Epoch: [109][800/859] 	 loss: 0.01078, MAE: 0.08816, time/step=443ms, lr=3.54e-04
2025-08-11 22:35:35,399 - logger.py:50 - Epoch: [109][858/859] 	 loss: 0.01080, MAE: 0.08833, time/step=443ms, lr=3.54e-04
2025-08-11 22:35:57,055 - logger.py:50 - Epoch: [109] Target: [1] train MAE: 0.08833, val MAE: 0.09607, test MAE: 0.09980, Time: 401.84s
2025-08-11 22:35:57,055 - logger.py:50 - Best -- epoch=108, train MAE: 0.08925, val MAE: 0.07715, test MAE: 0.08121

2025-08-11 22:35:57,909 - logger.py:50 - Epoch: [110][0/859] 	 loss: 0.01188, MAE: 0.09719, time/step=852ms, lr=3.52e-04
2025-08-11 22:36:42,218 - logger.py:50 - Epoch: [110][100/859] 	 loss: 0.01103, MAE: 0.09019, time/step=447ms, lr=3.52e-04
2025-08-11 22:37:26,511 - logger.py:50 - Epoch: [110][200/859] 	 loss: 0.01095, MAE: 0.08957, time/step=445ms, lr=3.52e-04
2025-08-11 22:38:10,891 - logger.py:50 - Epoch: [110][300/859] 	 loss: 0.01064, MAE: 0.08700, time/step=445ms, lr=3.52e-04
2025-08-11 22:38:55,057 - logger.py:50 - Epoch: [110][400/859] 	 loss: 0.01068, MAE: 0.08735, time/step=444ms, lr=3.52e-04
2025-08-11 22:39:39,130 - logger.py:50 - Epoch: [110][500/859] 	 loss: 0.01071, MAE: 0.08758, time/step=443ms, lr=3.52e-04
2025-08-11 22:40:23,272 - logger.py:50 - Epoch: [110][600/859] 	 loss: 0.01070, MAE: 0.08752, time/step=443ms, lr=3.52e-04
2025-08-11 22:41:07,277 - logger.py:50 - Epoch: [110][700/859] 	 loss: 0.01187, MAE: 0.09710, time/step=443ms, lr=3.52e-04
2025-08-11 22:41:51,353 - logger.py:50 - Epoch: [110][800/859] 	 loss: 0.01219, MAE: 0.09968, time/step=442ms, lr=3.52e-04
2025-08-11 22:42:16,910 - logger.py:50 - Epoch: [110][858/859] 	 loss: 0.01218, MAE: 0.09960, time/step=442ms, lr=3.52e-04
2025-08-11 22:42:38,430 - logger.py:50 - Epoch: [110] Target: [1] train MAE: 0.09960, val MAE: 0.08661, test MAE: 0.08889, Time: 401.38s
2025-08-11 22:42:38,430 - logger.py:50 - Best -- epoch=108, train MAE: 0.08925, val MAE: 0.07715, test MAE: 0.08121

2025-08-11 22:42:39,309 - logger.py:50 - Epoch: [111][0/859] 	 loss: 0.00891, MAE: 0.07284, time/step=877ms, lr=3.50e-04
2025-08-11 22:43:23,452 - logger.py:50 - Epoch: [111][100/859] 	 loss: 0.01090, MAE: 0.08910, time/step=446ms, lr=3.50e-04
2025-08-11 22:44:07,661 - logger.py:50 - Epoch: [111][200/859] 	 loss: 0.01085, MAE: 0.08870, time/step=444ms, lr=3.50e-04
2025-08-11 22:44:51,757 - logger.py:50 - Epoch: [111][300/859] 	 loss: 0.01072, MAE: 0.08769, time/step=443ms, lr=3.50e-04
2025-08-11 22:45:35,851 - logger.py:50 - Epoch: [111][400/859] 	 loss: 0.01078, MAE: 0.08813, time/step=442ms, lr=3.50e-04
2025-08-11 22:46:19,679 - logger.py:50 - Epoch: [111][500/859] 	 loss: 0.01081, MAE: 0.08841, time/step=442ms, lr=3.50e-04
2025-08-11 22:47:03,742 - logger.py:50 - Epoch: [111][600/859] 	 loss: 0.01078, MAE: 0.08812, time/step=441ms, lr=3.50e-04
2025-08-11 22:47:47,703 - logger.py:50 - Epoch: [111][700/859] 	 loss: 0.01071, MAE: 0.08756, time/step=441ms, lr=3.50e-04
2025-08-11 22:48:31,904 - logger.py:50 - Epoch: [111][800/859] 	 loss: 0.01071, MAE: 0.08758, time/step=441ms, lr=3.50e-04
2025-08-11 22:48:57,497 - logger.py:50 - Epoch: [111][858/859] 	 loss: 0.01070, MAE: 0.08751, time/step=441ms, lr=3.50e-04
2025-08-11 22:49:19,055 - logger.py:50 - Epoch: [111] Target: [1] train MAE: 0.08751, val MAE: 0.07667, test MAE: 0.08024, Time: 400.62s
2025-08-11 22:49:19,055 - logger.py:50 - Best -- epoch=111, train MAE: 0.08751, val MAE: 0.07667, test MAE: 0.08024

2025-08-11 22:49:19,908 - logger.py:50 - Epoch: [112][0/859] 	 loss: 0.00957, MAE: 0.07830, time/step=852ms, lr=3.47e-04
2025-08-11 22:50:03,944 - logger.py:50 - Epoch: [112][100/859] 	 loss: 0.01105, MAE: 0.09040, time/step=444ms, lr=3.47e-04
2025-08-11 22:50:48,130 - logger.py:50 - Epoch: [112][200/859] 	 loss: 0.01048, MAE: 0.08567, time/step=443ms, lr=3.47e-04
2025-08-11 22:51:32,097 - logger.py:50 - Epoch: [112][300/859] 	 loss: 0.01058, MAE: 0.08652, time/step=442ms, lr=3.47e-04
2025-08-11 22:52:16,200 - logger.py:50 - Epoch: [112][400/859] 	 loss: 0.01079, MAE: 0.08828, time/step=442ms, lr=3.47e-04
2025-08-11 22:53:00,332 - logger.py:50 - Epoch: [112][500/859] 	 loss: 0.01077, MAE: 0.08804, time/step=442ms, lr=3.47e-04
2025-08-11 22:53:44,279 - logger.py:50 - Epoch: [112][600/859] 	 loss: 0.01076, MAE: 0.08802, time/step=441ms, lr=3.47e-04
2025-08-11 22:54:28,323 - logger.py:50 - Epoch: [112][700/859] 	 loss: 0.01073, MAE: 0.08774, time/step=441ms, lr=3.47e-04
2025-08-11 22:55:12,389 - logger.py:50 - Epoch: [112][800/859] 	 loss: 0.01072, MAE: 0.08767, time/step=441ms, lr=3.47e-04
2025-08-11 22:55:37,933 - logger.py:50 - Epoch: [112][858/859] 	 loss: 0.01067, MAE: 0.08725, time/step=441ms, lr=3.47e-04
2025-08-11 22:55:59,470 - logger.py:50 - Epoch: [112] Target: [1] train MAE: 0.08725, val MAE: 0.07888, test MAE: 0.08350, Time: 400.42s
2025-08-11 22:55:59,470 - logger.py:50 - Best -- epoch=111, train MAE: 0.08751, val MAE: 0.07667, test MAE: 0.08024

2025-08-11 22:56:00,321 - logger.py:50 - Epoch: [113][0/859] 	 loss: 0.00864, MAE: 0.07061, time/step=849ms, lr=3.45e-04
2025-08-11 22:56:44,322 - logger.py:50 - Epoch: [113][100/859] 	 loss: 0.01021, MAE: 0.08346, time/step=444ms, lr=3.45e-04
2025-08-11 22:57:28,476 - logger.py:50 - Epoch: [113][200/859] 	 loss: 0.01078, MAE: 0.08816, time/step=443ms, lr=3.45e-04
2025-08-11 22:58:12,596 - logger.py:50 - Epoch: [113][300/859] 	 loss: 0.01071, MAE: 0.08756, time/step=442ms, lr=3.45e-04
2025-08-11 22:58:56,475 - logger.py:50 - Epoch: [113][400/859] 	 loss: 0.01063, MAE: 0.08697, time/step=441ms, lr=3.45e-04
2025-08-11 22:59:40,407 - logger.py:50 - Epoch: [113][500/859] 	 loss: 0.01064, MAE: 0.08700, time/step=441ms, lr=3.45e-04
2025-08-11 23:00:24,401 - logger.py:50 - Epoch: [113][600/859] 	 loss: 0.01069, MAE: 0.08741, time/step=441ms, lr=3.45e-04
2025-08-11 23:01:08,481 - logger.py:50 - Epoch: [113][700/859] 	 loss: 0.01064, MAE: 0.08700, time/step=441ms, lr=3.45e-04
2025-08-11 23:01:52,657 - logger.py:50 - Epoch: [113][800/859] 	 loss: 0.01058, MAE: 0.08655, time/step=441ms, lr=3.45e-04
2025-08-11 23:02:18,297 - logger.py:50 - Epoch: [113][858/859] 	 loss: 0.01062, MAE: 0.08682, time/step=441ms, lr=3.45e-04
2025-08-11 23:02:39,832 - logger.py:50 - Epoch: [113] Target: [1] train MAE: 0.08682, val MAE: 0.10037, test MAE: 0.10517, Time: 400.36s
2025-08-11 23:02:39,832 - logger.py:50 - Best -- epoch=111, train MAE: 0.08751, val MAE: 0.07667, test MAE: 0.08024

2025-08-11 23:02:40,660 - logger.py:50 - Epoch: [114][0/859] 	 loss: 0.01131, MAE: 0.09245, time/step=826ms, lr=3.42e-04
2025-08-11 23:03:24,654 - logger.py:50 - Epoch: [114][100/859] 	 loss: 0.01029, MAE: 0.08411, time/step=444ms, lr=3.42e-04
2025-08-11 23:04:08,702 - logger.py:50 - Epoch: [114][200/859] 	 loss: 0.01036, MAE: 0.08470, time/step=442ms, lr=3.42e-04
2025-08-11 23:04:52,748 - logger.py:50 - Epoch: [114][300/859] 	 loss: 0.01037, MAE: 0.08484, time/step=442ms, lr=3.42e-04
2025-08-11 23:05:36,745 - logger.py:50 - Epoch: [114][400/859] 	 loss: 0.01026, MAE: 0.08391, time/step=441ms, lr=3.42e-04
2025-08-11 23:06:20,572 - logger.py:50 - Epoch: [114][500/859] 	 loss: 0.01025, MAE: 0.08384, time/step=441ms, lr=3.42e-04
2025-08-11 23:07:04,746 - logger.py:50 - Epoch: [114][600/859] 	 loss: 0.01025, MAE: 0.08383, time/step=441ms, lr=3.42e-04
2025-08-11 23:07:48,766 - logger.py:50 - Epoch: [114][700/859] 	 loss: 0.01036, MAE: 0.08475, time/step=441ms, lr=3.42e-04
2025-08-11 23:08:32,978 - logger.py:50 - Epoch: [114][800/859] 	 loss: 0.01042, MAE: 0.08518, time/step=441ms, lr=3.42e-04
2025-08-11 23:08:58,547 - logger.py:50 - Epoch: [114][858/859] 	 loss: 0.01045, MAE: 0.08544, time/step=441ms, lr=3.42e-04
2025-08-11 23:09:20,085 - logger.py:50 - Epoch: [114] Target: [1] train MAE: 0.08544, val MAE: 0.09354, test MAE: 0.09865, Time: 400.25s
2025-08-11 23:09:20,085 - logger.py:50 - Best -- epoch=111, train MAE: 0.08751, val MAE: 0.07667, test MAE: 0.08024

2025-08-11 23:09:20,936 - logger.py:50 - Epoch: [115][0/859] 	 loss: 0.01123, MAE: 0.09184, time/step=849ms, lr=3.40e-04
2025-08-11 23:10:04,997 - logger.py:50 - Epoch: [115][100/859] 	 loss: 0.01016, MAE: 0.08308, time/step=445ms, lr=3.40e-04
2025-08-11 23:10:49,070 - logger.py:50 - Epoch: [115][200/859] 	 loss: 0.01020, MAE: 0.08339, time/step=443ms, lr=3.40e-04
2025-08-11 23:11:32,927 - logger.py:50 - Epoch: [115][300/859] 	 loss: 0.01042, MAE: 0.08523, time/step=441ms, lr=3.40e-04
2025-08-11 23:12:16,915 - logger.py:50 - Epoch: [115][400/859] 	 loss: 0.01056, MAE: 0.08634, time/step=441ms, lr=3.40e-04
2025-08-11 23:13:01,076 - logger.py:50 - Epoch: [115][500/859] 	 loss: 0.01064, MAE: 0.08701, time/step=441ms, lr=3.40e-04
2025-08-11 23:13:44,936 - logger.py:50 - Epoch: [115][600/859] 	 loss: 0.01062, MAE: 0.08684, time/step=441ms, lr=3.40e-04
2025-08-11 23:14:29,239 - logger.py:50 - Epoch: [115][700/859] 	 loss: 0.01066, MAE: 0.08719, time/step=441ms, lr=3.40e-04
2025-08-11 23:15:13,277 - logger.py:50 - Epoch: [115][800/859] 	 loss: 0.01061, MAE: 0.08680, time/step=441ms, lr=3.40e-04
2025-08-11 23:15:38,786 - logger.py:50 - Epoch: [115][858/859] 	 loss: 0.01056, MAE: 0.08634, time/step=441ms, lr=3.40e-04
2025-08-11 23:16:00,330 - logger.py:50 - Epoch: [115] Target: [1] train MAE: 0.08634, val MAE: 0.08392, test MAE: 0.08599, Time: 400.24s
2025-08-11 23:16:00,330 - logger.py:50 - Best -- epoch=111, train MAE: 0.08751, val MAE: 0.07667, test MAE: 0.08024

2025-08-11 23:16:01,154 - logger.py:50 - Epoch: [116][0/859] 	 loss: 0.01045, MAE: 0.08545, time/step=822ms, lr=3.37e-04
2025-08-11 23:16:45,147 - logger.py:50 - Epoch: [116][100/859] 	 loss: 0.01152, MAE: 0.09423, time/step=444ms, lr=3.37e-04
2025-08-11 23:17:29,173 - logger.py:50 - Epoch: [116][200/859] 	 loss: 0.01100, MAE: 0.08996, time/step=442ms, lr=3.37e-04
2025-08-11 23:18:13,289 - logger.py:50 - Epoch: [116][300/859] 	 loss: 0.01089, MAE: 0.08904, time/step=442ms, lr=3.37e-04
2025-08-11 23:18:57,252 - logger.py:50 - Epoch: [116][400/859] 	 loss: 0.01072, MAE: 0.08764, time/step=441ms, lr=3.37e-04
2025-08-11 23:19:41,121 - logger.py:50 - Epoch: [116][500/859] 	 loss: 0.01072, MAE: 0.08765, time/step=441ms, lr=3.37e-04
2025-08-11 23:20:25,525 - logger.py:50 - Epoch: [116][600/859] 	 loss: 0.01060, MAE: 0.08670, time/step=441ms, lr=3.37e-04
2025-08-11 23:21:09,498 - logger.py:50 - Epoch: [116][700/859] 	 loss: 0.01053, MAE: 0.08609, time/step=441ms, lr=3.37e-04
2025-08-11 23:21:53,504 - logger.py:50 - Epoch: [116][800/859] 	 loss: 0.01061, MAE: 0.08679, time/step=441ms, lr=3.37e-04
2025-08-11 23:22:19,002 - logger.py:50 - Epoch: [116][858/859] 	 loss: 0.01096, MAE: 0.08965, time/step=441ms, lr=3.37e-04
2025-08-11 23:22:40,526 - logger.py:50 - Epoch: [116] Target: [1] train MAE: 0.08965, val MAE: 0.10467, test MAE: 0.10643, Time: 400.20s
2025-08-11 23:22:40,526 - logger.py:50 - Best -- epoch=111, train MAE: 0.08751, val MAE: 0.07667, test MAE: 0.08024

2025-08-11 23:22:41,380 - logger.py:50 - Epoch: [117][0/859] 	 loss: 0.01178, MAE: 0.09634, time/step=852ms, lr=3.35e-04
2025-08-11 23:23:25,319 - logger.py:50 - Epoch: [117][100/859] 	 loss: 0.01279, MAE: 0.10458, time/step=443ms, lr=3.35e-04
2025-08-11 23:24:09,554 - logger.py:50 - Epoch: [117][200/859] 	 loss: 0.01184, MAE: 0.09683, time/step=443ms, lr=3.35e-04
2025-08-11 23:24:53,620 - logger.py:50 - Epoch: [117][300/859] 	 loss: 0.01114, MAE: 0.09110, time/step=442ms, lr=3.35e-04
2025-08-11 23:25:37,599 - logger.py:50 - Epoch: [117][400/859] 	 loss: 0.01098, MAE: 0.08976, time/step=442ms, lr=3.35e-04
2025-08-11 23:26:21,663 - logger.py:50 - Epoch: [117][500/859] 	 loss: 0.01079, MAE: 0.08822, time/step=441ms, lr=3.35e-04
2025-08-11 23:27:05,853 - logger.py:50 - Epoch: [117][600/859] 	 loss: 0.01071, MAE: 0.08758, time/step=441ms, lr=3.35e-04
2025-08-11 23:27:50,140 - logger.py:50 - Epoch: [117][700/859] 	 loss: 0.01066, MAE: 0.08720, time/step=442ms, lr=3.35e-04
2025-08-11 23:28:34,670 - logger.py:50 - Epoch: [117][800/859] 	 loss: 0.01062, MAE: 0.08682, time/step=442ms, lr=3.35e-04
2025-08-11 23:29:00,405 - logger.py:50 - Epoch: [117][858/859] 	 loss: 0.01056, MAE: 0.08634, time/step=442ms, lr=3.35e-04
2025-08-11 23:29:22,192 - logger.py:50 - Epoch: [117] Target: [1] train MAE: 0.08634, val MAE: 0.09522, test MAE: 0.09863, Time: 401.67s
2025-08-11 23:29:22,192 - logger.py:50 - Best -- epoch=111, train MAE: 0.08751, val MAE: 0.07667, test MAE: 0.08024

2025-08-11 23:29:23,053 - logger.py:50 - Epoch: [118][0/859] 	 loss: 0.01254, MAE: 0.10256, time/step=858ms, lr=3.33e-04
2025-08-11 23:30:07,439 - logger.py:50 - Epoch: [118][100/859] 	 loss: 0.01062, MAE: 0.08684, time/step=448ms, lr=3.33e-04
2025-08-11 23:30:51,853 - logger.py:50 - Epoch: [118][200/859] 	 loss: 0.01016, MAE: 0.08307, time/step=446ms, lr=3.33e-04
2025-08-11 23:31:36,278 - logger.py:50 - Epoch: [118][300/859] 	 loss: 0.00998, MAE: 0.08157, time/step=445ms, lr=3.33e-04
2025-08-11 23:32:20,553 - logger.py:50 - Epoch: [118][400/859] 	 loss: 0.00998, MAE: 0.08165, time/step=445ms, lr=3.33e-04
2025-08-11 23:33:04,923 - logger.py:50 - Epoch: [118][500/859] 	 loss: 0.01002, MAE: 0.08197, time/step=445ms, lr=3.33e-04
2025-08-11 23:33:49,303 - logger.py:50 - Epoch: [118][600/859] 	 loss: 0.01008, MAE: 0.08243, time/step=444ms, lr=3.33e-04
2025-08-11 23:34:33,733 - logger.py:50 - Epoch: [118][700/859] 	 loss: 0.01005, MAE: 0.08215, time/step=444ms, lr=3.33e-04
2025-08-11 23:35:18,188 - logger.py:50 - Epoch: [118][800/859] 	 loss: 0.01010, MAE: 0.08263, time/step=444ms, lr=3.33e-04
2025-08-11 23:35:43,867 - logger.py:50 - Epoch: [118][858/859] 	 loss: 0.01011, MAE: 0.08265, time/step=444ms, lr=3.33e-04
2025-08-11 23:36:05,600 - logger.py:50 - Epoch: [118] Target: [1] train MAE: 0.08265, val MAE: 0.08395, test MAE: 0.08644, Time: 403.41s
2025-08-11 23:36:05,600 - logger.py:50 - Best -- epoch=111, train MAE: 0.08751, val MAE: 0.07667, test MAE: 0.08024

2025-08-11 23:36:06,421 - logger.py:50 - Epoch: [119][0/859] 	 loss: 0.00987, MAE: 0.08070, time/step=819ms, lr=3.30e-04
2025-08-11 23:36:50,514 - logger.py:50 - Epoch: [119][100/859] 	 loss: 0.01001, MAE: 0.08186, time/step=445ms, lr=3.30e-04
2025-08-11 23:37:34,716 - logger.py:50 - Epoch: [119][200/859] 	 loss: 0.01034, MAE: 0.08456, time/step=443ms, lr=3.30e-04
2025-08-11 23:38:19,218 - logger.py:50 - Epoch: [119][300/859] 	 loss: 0.01045, MAE: 0.08549, time/step=444ms, lr=3.30e-04
2025-08-11 23:39:03,484 - logger.py:50 - Epoch: [119][400/859] 	 loss: 0.01052, MAE: 0.08605, time/step=444ms, lr=3.30e-04
2025-08-12 19:13:51,294 - logger.py:50 - Namespace(output_dir='models/qm9/equiformer/se_l2/target@1/', model_name='graph_attention_transformer_nonlinear_l2', input_irreps='5x0e', radius=5.0, num_basis=128, output_channels=1, epochs=300, batch_size=128, model_ema=False, model_ema_decay=0.9999, model_ema_force_cpu=False, drop_path=0.0, opt='adamw', opt_eps=1e-08, opt_betas=None, clip_grad=None, momentum=0.9, weight_decay=0.005, sched='cosine', lr=0.0005, lr_noise=None, lr_noise_pct=0.67, lr_noise_std=1.0, warmup_lr=1e-06, min_lr=1e-06, decay_epochs=30, warmup_epochs=5, cooldown_epochs=10, patience_epochs=10, decay_rate=0.1, print_freq=100, target=1, data_path='datasets/qm9', feature_type='one_hot', compute_stats=False, standardize=True, loss='l1', seed=0, workers=4, pin_mem=True, amp=False, world_size=1, dist_url='env://', rank=0, local_rank=0, distributed=True, dist_backend='nccl')
2025-08-12 19:14:04,475 - logger.py:50 - Training set mean: 75.28121185302734, std:8.177621841430664
2025-08-12 19:14:10,439 - logger.py:50 - GraphAttentionTransformer(
  (atom_embed): NodeEmbeddingNetwork(
    (atom_type_lin): LinearRS(
      (tp): TensorProduct(5x0e x 1x0e -> 128x0e+64x1e+32x2e | 640 paths | 640 weights)
      (bias): ParameterList(  (0): Parameter containing: [torch.float32 of size 128])
    )
  )
  (rbf): GaussianRadialBasisLayer(mean_init_max=1.0, mean_init_min=0, std_init_max=1.0, std_init_min=0.0078125)
  (edge_deg_embed): EdgeDegreeEmbeddingNetwork(
    (exp): LinearRS(
      (tp): TensorProduct(1x0e x 1x0e -> 128x0e+64x1e+32x2e | 128 paths | 128 weights)
      (bias): ParameterList(  (0): Parameter containing: [torch.float32 of size 128])
    )
    (dw): TensorProductRescale(
      (tp): TensorProduct(128x0e+64x1e+32x2e x 1x0e+1x1e+1x2e -> 224x0e+384x1e+352x2e | 960 paths | 960 weights)
      (bias): ParameterList()
    )
    (rad): RadialProfile(
      (net): Sequential(
        (0): Linear(in_features=128, out_features=64, bias=True)
        (1): LayerNorm((64,), eps=1e-05, elementwise_affine=True)
        (2): SiLU()
        (3): Linear(in_features=64, out_features=64, bias=True)
        (4): LayerNorm((64,), eps=1e-05, elementwise_affine=True)
        (5): SiLU()
        (6): Linear(in_features=64, out_features=960, bias=False)
      )
    )
    (proj): LinearRS(
      (tp): TensorProduct(224x0e+384x1e+352x2e x 1x0e -> 128x0e+64x1e+32x2e | 64512 paths | 64512 weights)
      (bias): ParameterList(  (0): Parameter containing: [torch.float32 of size 128])
    )
    (scale_scatter): ScaledScatter(avg_aggregate_num=15.57930850982666)
  )
  (blocks): ModuleList(
    (0-4): 5 x TransBlock(
      (norm_1): EquivariantLayerNormV2(128x0e+64x1e+32x2e, eps=1e-05)
      (ga): GraphAttention(
        rescale_degree=False, 
        (merge_src): LinearRS(
          (tp): TensorProduct(128x0e+64x1e+32x2e x 1x0e -> 128x0e+64x1e+32x2e | 21504 paths | 21504 weights)
          (bias): ParameterList(  (0): Parameter containing: [torch.float32 of size 128])
        )
        (merge_dst): LinearRS(
          (tp): TensorProduct(128x0e+64x1e+32x2e x 1x0e -> 128x0e+64x1e+32x2e | 21504 paths | 21504 weights)
          (bias): ParameterList()
        )
        (sep_act): SeparableFCTP(
          (dtp): TensorProductRescale(
            (tp): TensorProduct(128x0e+64x1e+32x2e x 1x0e+1x1e+1x2e -> 224x0e+384x1e+352x2e | 960 paths | 960 weights)
            (bias): ParameterList()
          )
          (dtp_rad): RadialProfile(
            (net): Sequential(
              (0): Linear(in_features=128, out_features=64, bias=True)
              (1): LayerNorm((64,), eps=1e-05, elementwise_affine=True)
              (2): SiLU()
              (3): Linear(in_features=64, out_features=64, bias=True)
              (4): LayerNorm((64,), eps=1e-05, elementwise_affine=True)
              (5): SiLU()
              (6): Linear(in_features=64, out_features=960, bias=False)
            )
          )
          (lin): LinearRS(
            (tp): TensorProduct(224x0e+384x1e+352x2e x 1x0e -> 224x0e+64x1e+32x2e | 86016 paths | 86016 weights)
            (bias): ParameterList(  (0): Parameter containing: [torch.float32 of size 224])
          )
          (gate): Gate (224x0e+64x1e+32x2e -> 128x0e+64x1e+32x2e)
        )
        (sep_alpha): LinearRS(
          (tp): TensorProduct(224x0e+384x1e+352x2e x 1x0e -> 128x0e | 28672 paths | 28672 weights)
          (bias): ParameterList(  (0): Parameter containing: [torch.float32 of size 128])
        )
        (sep_value): SeparableFCTP(
          (dtp): TensorProductRescale(
            (tp): TensorProduct(128x0e+64x1e+32x2e x 1x0e+1x1e+1x2e -> 224x0e+384x1e+352x2e | 960 paths | 960 weights)
            (bias): ParameterList()
          )
          (lin): LinearRS(
            (tp): TensorProduct(224x0e+384x1e+352x2e x 1x0e -> 128x0e+64x1e+32x2e | 64512 paths | 64512 weights)
            (bias): ParameterList(  (0): Parameter containing: [torch.float32 of size 128])
          )
        )
        (vec2heads_alpha): Vec2AttnHeads(irreps_head=32x0e, num_heads=4)
        (vec2heads_value): Vec2AttnHeads(irreps_head=32x0e+16x1e+8x2e, num_heads=4)
        (alpha_act): Activation(
          32x0e -> 32x0e, 
          (acts): ModuleList(
            (0): normalize2mom(
              (f): SmoothLeakyReLU(negative_slope=0.2)
            )
          )
        )
        (heads2vec): AttnHeads2Vec(irreps_head=32x0e+16x1e+8x2e)
        (alpha_dropout): Dropout(p=0.2, inplace=False)
        (proj): LinearRS(
          (tp): TensorProduct(128x0e+64x1e+32x2e x 1x0e -> 128x0e+64x1e+32x2e | 21504 paths | 21504 weights)
          (bias): ParameterList(  (0): Parameter containing: [torch.float32 of size 128])
        )
      )
      (norm_2): EquivariantLayerNormV2(128x0e+64x1e+32x2e, eps=1e-05)
      (ffn): FeedForwardNetwork(
        (fctp_1): FullyConnectedTensorProductRescaleSwishGate(
          (tp): TensorProduct(128x0e+64x1e+32x2e x 1x0e -> 672x0e+192x1e+96x2e | 101376 paths | 101376 weights)
          (bias): ParameterList(  (0): Parameter containing: [torch.float32 of size 672])
          (gate): Gate (672x0e+192x1e+96x2e -> 384x0e+192x1e+96x2e)
        )
        (fctp_2): FullyConnectedTensorProductRescale(
          (tp): TensorProduct(384x0e+192x1e+96x2e x 1x0e -> 128x0e+64x1e+32x2e | 64512 paths | 64512 weights)
          (bias): ParameterList(  (0): Parameter containing: [torch.float32 of size 128])
        )
      )
    )
    (5): TransBlock(
      (norm_1): EquivariantLayerNormV2(128x0e+64x1e+32x2e, eps=1e-05)
      (ga): GraphAttention(
        rescale_degree=False, 
        (merge_src): LinearRS(
          (tp): TensorProduct(128x0e+64x1e+32x2e x 1x0e -> 128x0e+64x1e+32x2e | 21504 paths | 21504 weights)
          (bias): ParameterList(  (0): Parameter containing: [torch.float32 of size 128])
        )
        (merge_dst): LinearRS(
          (tp): TensorProduct(128x0e+64x1e+32x2e x 1x0e -> 128x0e+64x1e+32x2e | 21504 paths | 21504 weights)
          (bias): ParameterList()
        )
        (sep_act): SeparableFCTP(
          (dtp): TensorProductRescale(
            (tp): TensorProduct(128x0e+64x1e+32x2e x 1x0e+1x1e+1x2e -> 224x0e+384x1e+352x2e | 960 paths | 960 weights)
            (bias): ParameterList()
          )
          (dtp_rad): RadialProfile(
            (net): Sequential(
              (0): Linear(in_features=128, out_features=64, bias=True)
              (1): LayerNorm((64,), eps=1e-05, elementwise_affine=True)
              (2): SiLU()
              (3): Linear(in_features=64, out_features=64, bias=True)
              (4): LayerNorm((64,), eps=1e-05, elementwise_affine=True)
              (5): SiLU()
              (6): Linear(in_features=64, out_features=960, bias=False)
            )
          )
          (lin): LinearRS(
            (tp): TensorProduct(224x0e+384x1e+352x2e x 1x0e -> 224x0e+64x1e+32x2e | 86016 paths | 86016 weights)
            (bias): ParameterList(  (0): Parameter containing: [torch.float32 of size 224])
          )
          (gate): Gate (224x0e+64x1e+32x2e -> 128x0e+64x1e+32x2e)
        )
        (sep_alpha): LinearRS(
          (tp): TensorProduct(224x0e+384x1e+352x2e x 1x0e -> 128x0e | 28672 paths | 28672 weights)
          (bias): ParameterList(  (0): Parameter containing: [torch.float32 of size 128])
        )
        (sep_value): SeparableFCTP(
          (dtp): TensorProductRescale(
            (tp): TensorProduct(128x0e+64x1e+32x2e x 1x0e+1x1e+1x2e -> 224x0e+384x1e+352x2e | 960 paths | 960 weights)
            (bias): ParameterList()
          )
          (lin): LinearRS(
            (tp): TensorProduct(224x0e+384x1e+352x2e x 1x0e -> 128x0e+64x1e+32x2e | 64512 paths | 64512 weights)
            (bias): ParameterList(  (0): Parameter containing: [torch.float32 of size 128])
          )
        )
        (vec2heads_alpha): Vec2AttnHeads(irreps_head=32x0e, num_heads=4)
        (vec2heads_value): Vec2AttnHeads(irreps_head=32x0e+16x1e+8x2e, num_heads=4)
        (alpha_act): Activation(
          32x0e -> 32x0e, 
          (acts): ModuleList(
            (0): normalize2mom(
              (f): SmoothLeakyReLU(negative_slope=0.2)
            )
          )
        )
        (heads2vec): AttnHeads2Vec(irreps_head=32x0e+16x1e+8x2e)
        (alpha_dropout): Dropout(p=0.2, inplace=False)
        (proj): LinearRS(
          (tp): TensorProduct(128x0e+64x1e+32x2e x 1x0e -> 128x0e+64x1e+32x2e | 21504 paths | 21504 weights)
          (bias): ParameterList(  (0): Parameter containing: [torch.float32 of size 128])
        )
      )
      (norm_2): EquivariantLayerNormV2(128x0e+64x1e+32x2e, eps=1e-05)
      (ffn): FeedForwardNetwork(
        (fctp_1): FullyConnectedTensorProductRescaleSwishGate(
          (tp): TensorProduct(128x0e+64x1e+32x2e x 1x0e -> 672x0e+192x1e+96x2e | 101376 paths | 101376 weights)
          (bias): ParameterList(  (0): Parameter containing: [torch.float32 of size 672])
          (gate): Gate (672x0e+192x1e+96x2e -> 384x0e+192x1e+96x2e)
        )
        (fctp_2): FullyConnectedTensorProductRescale(
          (tp): TensorProduct(384x0e+192x1e+96x2e x 1x0e -> 512x0e | 196608 paths | 196608 weights)
          (bias): ParameterList(  (0): Parameter containing: [torch.float32 of size 512])
        )
      )
      (ffn_shortcut): FullyConnectedTensorProductRescale(
        (tp): TensorProduct(128x0e+64x1e+32x2e x 1x0e -> 512x0e | 65536 paths | 65536 weights)
        (bias): ParameterList(  (0): Parameter containing: [torch.float32 of size 512])
      )
    )
  )
  (norm): EquivariantLayerNormV2(512x0e, eps=1e-05)
  (head): Sequential(
    (0): LinearRS(
      (tp): TensorProduct(512x0e x 1x0e -> 512x0e | 262144 paths | 262144 weights)
      (bias): ParameterList(  (0): Parameter containing: [torch.float32 of size 512])
    )
    (1): Activation(
      512x0e -> 512x0e, 
      (acts): ModuleList(
        (0): normalize2mom(
          (f): SiLU()
        )
      )
    )
    (2): LinearRS(
      (tp): TensorProduct(512x0e x 1x0e -> 1x0e | 512 paths | 512 weights)
      (bias): ParameterList(  (0): Parameter containing: [torch.float32 of size 1])
    )
  )
  (scale_scatter): ScaledScatter(avg_aggregate_num=18.03065905448718)
)
2025-08-12 19:14:10,480 - logger.py:50 - Number of params: 3531715
2025-08-12 19:14:16,693 - logger.py:50 - Epoch: [0][0/859] 	 loss: 5.78330, MAE: 47.29367, time/step=6207ms, lr=1.00e-06
2025-08-12 19:14:44,921 - logger.py:50 - Epoch: [0][100/859] 	 loss: 2.05850, MAE: 16.83365, time/step=341ms, lr=1.00e-06
2025-08-12 19:16:19,731 - logger.py:50 - Namespace(output_dir='models/qm9/equiformer/se_l2/target@1/', model_name='graph_attention_transformer_nonlinear_l2', input_irreps='5x0e', radius=5.0, num_basis=128, output_channels=1, epochs=300, batch_size=128, model_ema=False, model_ema_decay=0.9999, model_ema_force_cpu=False, drop_path=0.0, opt='adamw', opt_eps=1e-08, opt_betas=None, clip_grad=None, momentum=0.9, weight_decay=0.005, sched='cosine', lr=0.0005, lr_noise=None, lr_noise_pct=0.67, lr_noise_std=1.0, warmup_lr=1e-06, min_lr=1e-06, decay_epochs=30, warmup_epochs=5, cooldown_epochs=10, patience_epochs=10, decay_rate=0.1, print_freq=100, target=1, data_path='datasets/qm9', feature_type='one_hot', compute_stats=False, standardize=True, loss='l1', seed=0, workers=4, pin_mem=True, amp=False, world_size=1, dist_url='env://', rank=0, local_rank=0, distributed=True, dist_backend='nccl')
2025-08-12 19:16:29,000 - logger.py:50 - Training set mean: 75.28121185302734, std:8.177621841430664
2025-08-12 19:16:51,375 - logger.py:50 - Namespace(output_dir='models/qm9/equiformer/se_l2/target@1/', model_name='graph_attention_transformer_nonlinear_l2', input_irreps='5x0e', radius=5.0, num_basis=128, output_channels=1, epochs=300, batch_size=128, model_ema=False, model_ema_decay=0.9999, model_ema_force_cpu=False, drop_path=0.0, opt='adamw', opt_eps=1e-08, opt_betas=None, clip_grad=None, momentum=0.9, weight_decay=0.005, sched='cosine', lr=0.0005, lr_noise=None, lr_noise_pct=0.67, lr_noise_std=1.0, warmup_lr=1e-06, min_lr=1e-06, decay_epochs=30, warmup_epochs=5, cooldown_epochs=10, patience_epochs=10, decay_rate=0.1, print_freq=100, target=1, data_path='datasets/qm9', feature_type='one_hot', compute_stats=False, standardize=True, loss='l1', seed=0, workers=4, pin_mem=True, amp=False, world_size=1, dist_url='env://', rank=0, local_rank=0, distributed=True, dist_backend='nccl')
2025-08-12 19:17:00,452 - logger.py:50 - Training set mean: 75.28121185302734, std:8.177621841430664
2025-08-12 19:17:06,474 - logger.py:50 - GraphAttentionTransformer(
  (atom_embed): NodeEmbeddingNetwork(
    (atom_type_lin): LinearRS(
      (tp): TensorProduct(5x0e x 1x0e -> 128x0e+64x1e+32x2e | 640 paths | 640 weights)
      (bias): ParameterList(  (0): Parameter containing: [torch.float32 of size 128])
    )
  )
  (rbf): GaussianRadialBasisLayer(mean_init_max=1.0, mean_init_min=0, std_init_max=1.0, std_init_min=0.0078125)
  (edge_deg_embed): EdgeDegreeEmbeddingNetwork(
    (exp): LinearRS(
      (tp): TensorProduct(1x0e x 1x0e -> 128x0e+64x1e+32x2e | 128 paths | 128 weights)
      (bias): ParameterList(  (0): Parameter containing: [torch.float32 of size 128])
    )
    (dw): TensorProductRescale(
      (tp): TensorProduct(128x0e+64x1e+32x2e x 1x0e+1x1e+1x2e -> 224x0e+384x1e+352x2e | 960 paths | 960 weights)
      (bias): ParameterList()
    )
    (rad): RadialProfile(
      (net): Sequential(
        (0): Linear(in_features=128, out_features=64, bias=True)
        (1): LayerNorm((64,), eps=1e-05, elementwise_affine=True)
        (2): SiLU()
        (3): Linear(in_features=64, out_features=64, bias=True)
        (4): LayerNorm((64,), eps=1e-05, elementwise_affine=True)
        (5): SiLU()
        (6): Linear(in_features=64, out_features=960, bias=False)
      )
    )
    (proj): LinearRS(
      (tp): TensorProduct(224x0e+384x1e+352x2e x 1x0e -> 128x0e+64x1e+32x2e | 64512 paths | 64512 weights)
      (bias): ParameterList(  (0): Parameter containing: [torch.float32 of size 128])
    )
    (scale_scatter): ScaledScatter(avg_aggregate_num=15.57930850982666)
  )
  (blocks): ModuleList(
    (0-4): 5 x TransBlock(
      (norm_1): EquivariantLayerNormV2(128x0e+64x1e+32x2e, eps=1e-05)
      (ga): GraphAttention(
        rescale_degree=False, 
        (merge_src): LinearRS(
          (tp): TensorProduct(128x0e+64x1e+32x2e x 1x0e -> 128x0e+64x1e+32x2e | 21504 paths | 21504 weights)
          (bias): ParameterList(  (0): Parameter containing: [torch.float32 of size 128])
        )
        (merge_dst): LinearRS(
          (tp): TensorProduct(128x0e+64x1e+32x2e x 1x0e -> 128x0e+64x1e+32x2e | 21504 paths | 21504 weights)
          (bias): ParameterList()
        )
        (sep_act): SeparableFCTP(
          (dtp): TensorProductRescale(
            (tp): TensorProduct(128x0e+64x1e+32x2e x 1x0e+1x1e+1x2e -> 224x0e+384x1e+352x2e | 960 paths | 960 weights)
            (bias): ParameterList()
          )
          (dtp_rad): RadialProfile(
            (net): Sequential(
              (0): Linear(in_features=128, out_features=64, bias=True)
              (1): LayerNorm((64,), eps=1e-05, elementwise_affine=True)
              (2): SiLU()
              (3): Linear(in_features=64, out_features=64, bias=True)
              (4): LayerNorm((64,), eps=1e-05, elementwise_affine=True)
              (5): SiLU()
              (6): Linear(in_features=64, out_features=960, bias=False)
            )
          )
          (lin): LinearRS(
            (tp): TensorProduct(224x0e+384x1e+352x2e x 1x0e -> 224x0e+64x1e+32x2e | 86016 paths | 86016 weights)
            (bias): ParameterList(  (0): Parameter containing: [torch.float32 of size 224])
          )
          (gate): Gate (224x0e+64x1e+32x2e -> 128x0e+64x1e+32x2e)
        )
        (sep_alpha): LinearRS(
          (tp): TensorProduct(224x0e+384x1e+352x2e x 1x0e -> 128x0e | 28672 paths | 28672 weights)
          (bias): ParameterList(  (0): Parameter containing: [torch.float32 of size 128])
        )
        (sep_value): SeparableFCTP(
          (dtp): TensorProductRescale(
            (tp): TensorProduct(128x0e+64x1e+32x2e x 1x0e+1x1e+1x2e -> 224x0e+384x1e+352x2e | 960 paths | 960 weights)
            (bias): ParameterList()
          )
          (lin): LinearRS(
            (tp): TensorProduct(224x0e+384x1e+352x2e x 1x0e -> 128x0e+64x1e+32x2e | 64512 paths | 64512 weights)
            (bias): ParameterList(  (0): Parameter containing: [torch.float32 of size 128])
          )
        )
        (vec2heads_alpha): Vec2AttnHeads(irreps_head=32x0e, num_heads=4)
        (vec2heads_value): Vec2AttnHeads(irreps_head=32x0e+16x1e+8x2e, num_heads=4)
        (alpha_act): Activation(
          32x0e -> 32x0e, 
          (acts): ModuleList(
            (0): normalize2mom(
              (f): SmoothLeakyReLU(negative_slope=0.2)
            )
          )
        )
        (heads2vec): AttnHeads2Vec(irreps_head=32x0e+16x1e+8x2e)
        (alpha_dropout): Dropout(p=0.2, inplace=False)
        (proj): LinearRS(
          (tp): TensorProduct(128x0e+64x1e+32x2e x 1x0e -> 128x0e+64x1e+32x2e | 21504 paths | 21504 weights)
          (bias): ParameterList(  (0): Parameter containing: [torch.float32 of size 128])
        )
      )
      (norm_2): EquivariantLayerNormV2(128x0e+64x1e+32x2e, eps=1e-05)
      (ffn): FeedForwardNetwork(
        (fctp_1): FullyConnectedTensorProductRescaleSwishGate(
          (tp): TensorProduct(128x0e+64x1e+32x2e x 1x0e -> 672x0e+192x1e+96x2e | 101376 paths | 101376 weights)
          (bias): ParameterList(  (0): Parameter containing: [torch.float32 of size 672])
          (gate): Gate (672x0e+192x1e+96x2e -> 384x0e+192x1e+96x2e)
        )
        (fctp_2): FullyConnectedTensorProductRescale(
          (tp): TensorProduct(384x0e+192x1e+96x2e x 1x0e -> 128x0e+64x1e+32x2e | 64512 paths | 64512 weights)
          (bias): ParameterList(  (0): Parameter containing: [torch.float32 of size 128])
        )
      )
    )
    (5): TransBlock(
      (norm_1): EquivariantLayerNormV2(128x0e+64x1e+32x2e, eps=1e-05)
      (ga): GraphAttention(
        rescale_degree=False, 
        (merge_src): LinearRS(
          (tp): TensorProduct(128x0e+64x1e+32x2e x 1x0e -> 128x0e+64x1e+32x2e | 21504 paths | 21504 weights)
          (bias): ParameterList(  (0): Parameter containing: [torch.float32 of size 128])
        )
        (merge_dst): LinearRS(
          (tp): TensorProduct(128x0e+64x1e+32x2e x 1x0e -> 128x0e+64x1e+32x2e | 21504 paths | 21504 weights)
          (bias): ParameterList()
        )
        (sep_act): SeparableFCTP(
          (dtp): TensorProductRescale(
            (tp): TensorProduct(128x0e+64x1e+32x2e x 1x0e+1x1e+1x2e -> 224x0e+384x1e+352x2e | 960 paths | 960 weights)
            (bias): ParameterList()
          )
          (dtp_rad): RadialProfile(
            (net): Sequential(
              (0): Linear(in_features=128, out_features=64, bias=True)
              (1): LayerNorm((64,), eps=1e-05, elementwise_affine=True)
              (2): SiLU()
              (3): Linear(in_features=64, out_features=64, bias=True)
              (4): LayerNorm((64,), eps=1e-05, elementwise_affine=True)
              (5): SiLU()
              (6): Linear(in_features=64, out_features=960, bias=False)
            )
          )
          (lin): LinearRS(
            (tp): TensorProduct(224x0e+384x1e+352x2e x 1x0e -> 224x0e+64x1e+32x2e | 86016 paths | 86016 weights)
            (bias): ParameterList(  (0): Parameter containing: [torch.float32 of size 224])
          )
          (gate): Gate (224x0e+64x1e+32x2e -> 128x0e+64x1e+32x2e)
        )
        (sep_alpha): LinearRS(
          (tp): TensorProduct(224x0e+384x1e+352x2e x 1x0e -> 128x0e | 28672 paths | 28672 weights)
          (bias): ParameterList(  (0): Parameter containing: [torch.float32 of size 128])
        )
        (sep_value): SeparableFCTP(
          (dtp): TensorProductRescale(
            (tp): TensorProduct(128x0e+64x1e+32x2e x 1x0e+1x1e+1x2e -> 224x0e+384x1e+352x2e | 960 paths | 960 weights)
            (bias): ParameterList()
          )
          (lin): LinearRS(
            (tp): TensorProduct(224x0e+384x1e+352x2e x 1x0e -> 128x0e+64x1e+32x2e | 64512 paths | 64512 weights)
            (bias): ParameterList(  (0): Parameter containing: [torch.float32 of size 128])
          )
        )
        (vec2heads_alpha): Vec2AttnHeads(irreps_head=32x0e, num_heads=4)
        (vec2heads_value): Vec2AttnHeads(irreps_head=32x0e+16x1e+8x2e, num_heads=4)
        (alpha_act): Activation(
          32x0e -> 32x0e, 
          (acts): ModuleList(
            (0): normalize2mom(
              (f): SmoothLeakyReLU(negative_slope=0.2)
            )
          )
        )
        (heads2vec): AttnHeads2Vec(irreps_head=32x0e+16x1e+8x2e)
        (alpha_dropout): Dropout(p=0.2, inplace=False)
        (proj): LinearRS(
          (tp): TensorProduct(128x0e+64x1e+32x2e x 1x0e -> 128x0e+64x1e+32x2e | 21504 paths | 21504 weights)
          (bias): ParameterList(  (0): Parameter containing: [torch.float32 of size 128])
        )
      )
      (norm_2): EquivariantLayerNormV2(128x0e+64x1e+32x2e, eps=1e-05)
      (ffn): FeedForwardNetwork(
        (fctp_1): FullyConnectedTensorProductRescaleSwishGate(
          (tp): TensorProduct(128x0e+64x1e+32x2e x 1x0e -> 672x0e+192x1e+96x2e | 101376 paths | 101376 weights)
          (bias): ParameterList(  (0): Parameter containing: [torch.float32 of size 672])
          (gate): Gate (672x0e+192x1e+96x2e -> 384x0e+192x1e+96x2e)
        )
        (fctp_2): FullyConnectedTensorProductRescale(
          (tp): TensorProduct(384x0e+192x1e+96x2e x 1x0e -> 512x0e | 196608 paths | 196608 weights)
          (bias): ParameterList(  (0): Parameter containing: [torch.float32 of size 512])
        )
      )
      (ffn_shortcut): FullyConnectedTensorProductRescale(
        (tp): TensorProduct(128x0e+64x1e+32x2e x 1x0e -> 512x0e | 65536 paths | 65536 weights)
        (bias): ParameterList(  (0): Parameter containing: [torch.float32 of size 512])
      )
    )
  )
  (norm): EquivariantLayerNormV2(512x0e, eps=1e-05)
  (head): Sequential(
    (0): LinearRS(
      (tp): TensorProduct(512x0e x 1x0e -> 512x0e | 262144 paths | 262144 weights)
      (bias): ParameterList(  (0): Parameter containing: [torch.float32 of size 512])
    )
    (1): Activation(
      512x0e -> 512x0e, 
      (acts): ModuleList(
        (0): normalize2mom(
          (f): SiLU()
        )
      )
    )
    (2): LinearRS(
      (tp): TensorProduct(512x0e x 1x0e -> 1x0e | 512 paths | 512 weights)
      (bias): ParameterList(  (0): Parameter containing: [torch.float32 of size 1])
    )
  )
  (scale_scatter): ScaledScatter(avg_aggregate_num=18.03065905448718)
)
2025-08-12 19:17:06,502 - logger.py:50 - Number of params: 3531715
2025-08-12 19:17:11,888 - logger.py:50 - Epoch: [0][0/859] 	 loss: 5.78330, MAE: 47.29367, time/step=5382ms, lr=1.00e-06
2025-08-12 19:17:40,047 - logger.py:50 - Epoch: [0][100/859] 	 loss: 2.05850, MAE: 16.83365, time/step=332ms, lr=1.00e-06
2025-08-12 19:18:05,388 - logger.py:50 - Epoch: [0][200/859] 	 loss: 1.40194, MAE: 11.46455, time/step=293ms, lr=1.00e-06
2025-08-12 19:18:30,700 - logger.py:50 - Epoch: [0][300/859] 	 loss: 1.10119, MAE: 9.00515, time/step=280ms, lr=1.00e-06
2025-08-12 19:18:55,927 - logger.py:50 - Epoch: [0][400/859] 	 loss: 0.92740, MAE: 7.58393, time/step=273ms, lr=1.00e-06
2025-08-12 19:19:21,122 - logger.py:50 - Epoch: [0][500/859] 	 loss: 0.81824, MAE: 6.69126, time/step=269ms, lr=1.00e-06
2025-08-12 19:19:46,268 - logger.py:50 - Epoch: [0][600/859] 	 loss: 0.74213, MAE: 6.06885, time/step=266ms, lr=1.00e-06
2025-08-12 19:20:11,410 - logger.py:50 - Epoch: [0][700/859] 	 loss: 0.68703, MAE: 5.61823, time/step=264ms, lr=1.00e-06
2025-08-12 19:20:36,649 - logger.py:50 - Epoch: [0][800/859] 	 loss: 0.64430, MAE: 5.26881, time/step=262ms, lr=1.00e-06
2025-08-12 19:20:51,165 - logger.py:50 - Epoch: [0][858/859] 	 loss: 0.62310, MAE: 5.09545, time/step=262ms, lr=1.00e-06
2025-08-12 19:21:06,028 - logger.py:50 - Epoch: [0] Target: [1] train MAE: 5.09545, val MAE: 2.61018, test MAE: 2.66745, Time: 239.52s
2025-08-12 19:21:06,028 - logger.py:50 - Best -- epoch=0, train MAE: 5.09545, val MAE: 2.61018, test MAE: 2.66745

2025-08-12 19:21:06,613 - logger.py:50 - Epoch: [1][0/859] 	 loss: 0.29714, MAE: 2.42986, time/step=583ms, lr=1.01e-04
2025-08-12 19:21:31,959 - logger.py:50 - Epoch: [1][100/859] 	 loss: 0.74085, MAE: 6.05842, time/step=257ms, lr=1.01e-04
